Title,Author(s),Year,Database,Focus Area,Technique,Category,Sub-Category,System Perspective,Methodology,Protocol,Dataset/Simulation,Key Contribution,Findings,Limitations,Kinds of Edge Devices?,Type of Data (Provided),How is the Data Communicated,Protocol used? Size of Packet? Encryption?,Security and Privacy,Energy Consumption Parameters,How is Energy Consumption Reduced?
"Low-Cost, Low-Power Edge Computing System for Structural Health Monitoring in an IoT Framework","Eduardo Hidalgo-Fort, Pedro Blanco-Carmona, Fernando Muñoz-Chavero, Antonio Torralba, Rafael Castro-Triguero",2024,MDPI Digital Library,"1. Low-power IoT system for Structural Health Monitoring of bridges
2. Data Reduction",Random Decrement Technique (RDT),Data Reduction,Data Reduction,DL,ML,"MQTT, TCP/IP, SSL","Vibration dataset (pilot metallic structure, Eduardo Torroja bridge deployment)","1. Firmware architecture 
2. Edge implementation of RDT
3. IoT big-data architecture ","Frequency estimation error <1.72% 
autonomy > 10 years  (daily 8 min monitoring).","1. RDT parameter tuning
2. Limited vibration mode detection","STM32L152RE MCU 
ADXL355 SensorBoard.",Triaxial acceleration samples (vibration data),Wireless NB-IoT transmission with MQTT publish-subscribe protocol to cloud server,"Protocols: MQTT over TCP/IP
Packet Size: NA
Encryption: SSL security certificates","SSL certificates for MQTT topic publication
Role-based access/editing permission in GUI.","GPS connection, wireless network connection, data acquisition (sensor sampling), data transmission, and sleep mode operation.",Edge-based signal processing via RDT
Toward Energy-Efficient and Cost-Effective Task Offloading in Mobile Edge Computing for Intelligent Surveillance Systems,"Manash Kumar Mondal, Sourav Banerjee, Debashis Das, Uttam Ghosh, Mohammed S. Al-Numay, Utpal Biswas",2024,IEEE Xplore,"1. Intelligent Surveillance Systems
2. Mobile Edge Computing","1. Binary & Partial Task Offloading
2. Module Placement Algorithm",Task Offloading,Task Offloading,CPL,MO,"Gigabit LAN, 5g, LTE",iFogSim simulation toolkit,"MEC-based ISS framework combining binary and partial task offloading via module placement algorithm that distributes tasks between edge devices, MEC servers and cloud.","Reduces latency, execution time, network usage, cost, and energy consumption vs MCC","1. Task partition dependency
2. MEC server resource limits","Intelligent (PTZ) cameras 
MEC servers",Video streams captured via surveillance cameras,Cameras send video streams to proxy server which forwards it to MEC,"Protocols: Gigabit LAN communication
Packet size: NA
Encryption: NA",Mentioned as issue but not addressed in solution,"CPU cycle frequency, task workload, execution latency, server energy",Task offloading to MEC servers
Revenue and Energy Efficiency-Driven Delay-Constrained Computing Task Offloading and Resource Allocation in a Vehicular Edge Computing Network: A Deep Reinforcement Learning Approach,"Xinyu Huang, Lijun He, Xing Chen, Liejun Wang, Fan Li",2022,IEEE Xplore,Vehicular Edge Computing (task offloading & resource allocation),Multiagent Deep Deterministic Policy Gradient (JORA-MADDPG),Task Offloading,Task Offloading,CPL,RL,"V2V, V2I",Pytorch 1.5.0 & Ubuntu 18.04.4 LTS,"1. Vehicle speed & task type-aware delay constraint model
2. JORA-MADDPG algorithm","JORA-MADDPG outperforms benchmarks in task completion delay, vehicle energy cost, and processing revenue","1. NP-hard optimization
2. High-dimensional decision space",VEC servers (RSU-mounted); vehicle on-board units,Computation task data (type and size),V2V and V2I wireless communication to VEC server or other vehicles,"Protocol: V2V, V2I wireless; Packet Size: NA; Encryption: NA",Data leakage risk mentioned; no mechanism,"Vehicle transmission energy, local execution energy, task completion delay, computation resource usage",DRL task offloading & resource allocation
Energy-efficient task offloading strategy in mobile edge computing for resource-intensive mobile applications,"Michael Pendo John Mahenge, Chunlin Li, Camilius A. Sanga",2022,ScienceDirect,MEC task offloading energy minimization,Hybrid PSO-GWO optimization,Task Offloading,Task Offloading,CML,HM,NA,Poisson Distributed Synthetic Dataset,"1. MEC-assisted cooperative offloading framework
2. Hybrid PSO-GWO energy-efficient task offloading (ETOS) scheme","Outperforms OEOS, ROA-DPH, ATO, and local execution in energy consumption, execution time, and offloading utility",NP-hard optimization,"Mobile devices, MEC servers","Input data size (bits), tasks",Wireless Communication & backhaul link,Not specified,Not specified,"Overall energy consumption, sub-carrier, power, bandwidth allocation",Energy-aware task offloading
Power consumption reduction for IoT devices thanks to Edge-AI: Application to human activity recognition,"Aimé Cedric Muhoza, Emmanuel Bergeret, Corinne Brdys, Francis Gary",2023,ScienceDirect,"Mobile Edge Computing
Task offloading
Energy efficiency for resource-intensive mobile apps",Deep Convolutional Neural Network (DCNN),Hardware / Architecture Modifications,Hardware / Architecture Modifications,HL,ML,Bluetooth Low Energy (BLE),UTWENTE Sensor Activity Dataset,"1. Embedded DCNN (TensorFlow Lite Micro) on ARM Cortex-M4
2. Energy comparison across four BLE transmission frequencies",Up to 21% energy reduction & >98% accuracy,"1. No data reuse for model retraining at edge
2. Sink/server energy consumption not measured",ARM Cortex-M4 (Arduino Nano 33 BLE),Triaxial accelerometer samples (human activity),Buffered inference result transmission to remote server at reduced frequency via BLE,"Protocol: BLE
Packet size: MTU 60 bytes
Encryption: Not specified",Guarantee data security,"MCU current, BLE energy, inference energy, acquisition energy",On-device inference (reduction of BLE transmissions & energy)
Energy-Efficient Task Offloading in Multi-server Mobile Edge Computing Networks: A Deep Reinforcement Learning Approach,"Li Hui Zhao, Ji Zhang, Mohamed Jaward Bah, Zhao Li, Josh Jia Ching Ying, Ammar Muthanna, Ibrahim A. Elgendy",2025,SpringerLink,Multi-server MEC energy-efficient offloading,"1. Dynamic Load Balancing Algorithm
2. Distributed Deep Q-Learning based Energy-Efficient Task Offloading (EETO)",Task Offloading,Task Offloading,CPL,RL,"Wireless communication (OFDMA shared channels)
","Python Simulation, MEC setup (5 ESs, 30 DUs)
Synthetic dataset (20k samples)
","Joint load balancing algorithm, JPEG compression & DRL offloading framework",Up to 63.96% energy reduction,"1. Static user positions assumed
2. Fixed JPEG compression; no adaptive scheme
3. Security/privacy not addressed","DUs, ESs","Task data (size, CPU cycles, deadline)",OFDMA wireless channels from DUs to MEC edge servers,"Protocol: OFDMA
Packet size: Not specified
Encryption: Not specified",Not specified,"Local execution energy, transmission energy, compression overhead, communication channel load","Load balancing, JPEG compression, communication resource allocation, DRL-based task offloading"
Weighted Energy-Efficiency Maximization for a UAV-Assisted Multiplatoon Mobile-Edge Computing System,"Xuting Duan, Yukang Zhou, Daxin Tian, Jianshan Zhou, Zhengguo Sheng, Xuemin Shen",2022,IEEE Xplore,UAV-assisted MEC energy efficiency,Sequential Quadratic Programming (SQP) & Interior-Point Algorithm,Task Offloading,Task Offloading,CPL,MO,"Air-to-Ground (A2G) wireless, TDMA",Custom simulation (2-D Frenet-frame platoon model; various platoon shapes & UAV trajectories),"Weighted global energy efficiency formulation,  SQP & interior-point iterative optimization algorithm",Up to 75.99% improvement over benchmarks,"1. Fixed UAV trajectory shapes only
2. Does not account for UAV energy consumption",UAV-mounted MEC server; vehicle on-board units,Task data (in bits),A2G wireless communication (LoS),"Protocol: A2G wireless, TDMA
Packet size & Encryption: Not specified",Not specified,"Transmission power, computation energy, weighted energy efficiency",Weighted global energy efficiency maximization
Energy-efficient task offloading and efficient resource allocation for edge computing: a quantum inspired particle swarm optimization approach,"Banavath Balaji Naik, Bollu Priyanka, Sarfaraj Alam Ansari",2025,SpringerLink,"Workflow scheduling
Energy-efficient resource allocation",Quantum-Inspired Particle Swarm Optimization (QIPSO-WSA),Task Offloading,Task Offloading,CML,HM,NA,"Cybershake, Epigenomics, Inspiral, Montage, SIPHT)
Python Simulation",QIPSO-based workflow scheduling with hashing & quantum particles,"Outperforms GSA, PSO, DE, QDE, QCSO & improves makespan by 11.11%, resource utilization by 5.79%, energy by 9.52%","1. No fault tolerance
2. No task preemption
3. Weighted-sum multi-objective limitation",Edge nodes (ENs),Workflow tasks (sub-tasks),Not specified (simulation),"Protocol: NA
Packet Size: NA
Encryption: NA",Not specified,"Makespan, energy consumption, resource utilization",QIPSO-based workflow scheduling
Energy-efficient scheduling based on task prioritization in mobile fog computing,"Entesar Hosseini, Mohsen Nickray, Shamsollah Ghanbari",2023,SpringerLink,"Mobile fog computing, task offloading & scheduling","1. Greedy Knapsack Offloading Algorithm (GKOA)
2. High-Low Priority Scheduling (HLPS)",Task Offloading,Task Offloading,CPL,HM,Wi-Fi / 4G / 5G,"Real android app tasks
R Studio, C code
Custom Simulation",GKOA energy-benefit-based task selection & HLPS dual-priority queue (MFC scheduling),"Improves energy efficiency by 19%, overhead by 13.87%, delay by 8.5% vs local
HLPS outperforms benchmarks","1. No parallel VM quick offloading
2. No data offloading security","Mobile devices (MDs), Fog computing nodes (VMs)",Tasks from Android apps,Wireless from MD to MFC server,"Protocol: Wi-Fi / 4G / 5G
Packet size & Encryption: Not specified",Not specified,"Local energy, Transmission energy, MFC execution energy","Knapsack-based task selection
Dual-priority queue scheduling"
DECO: A Deadline-Aware and Energy-Efficient Algorithm for Task Offloading in Mobile Edge Computing,"Sadoon Azizi, Majeed Othman, Hana Khamfroush",2023,IEEE Xplore,"MEC task offloading
Deadline-aware energy optimization",DECO (Deadline-aware and Energy-efficient Computation Offloading),Task Offloading,Task Offloading,CPL,HM,NA,"Synthetic dataset
Custom Python simulator",Deadline-aware local scheduling & Priority and heterogeneity-aware task-to-ECS mapping (DECO algorithm),"Improves DSR by 85.4%, reduces average response time up to 62.9%, total energy increase < 13.4%","1. Deadline dependency
2. No mobility handling","IoT devices, ECSs, BSs","Task data (size, deadline, priority)","Wirelessly to BS, multi-hop to ECS",Not specified,Not specified,"Local energy, transmission energy & total device energy",Deadline-aware task offloading with priority-based scheduling
Collaborative Edge Computing with FPGA-Based CNN Accelerators for Energy-Efficient and Time-Aware Face Tracking System,"Xing Liu, Jianfeng Yang, Chengming Zou, Qimei Chen, Xin Yan, Yuao Chen, Chenran Cai",2022,IEEE Xplore,"Edge-cloud collaborative computing, Face tracking & CNN acceleration","1. FPGA MobileNet v2 Accelerator
2. Q-Learning-based HEFT (QL-HEFT) Scheduling",Hardware / Architecture Modifications,Hardware / Architecture Modifications,HL,ML,NA,"Real CPU/GPU/FPGA testbed
TensorFlow, CUDA, Quartus Prime 16","1. AIoT-based ECCC architecture
2. FPGA-based MobileNet v2 hardware accelerator
3. QL-HEFT dynamic heterogeneous scheduling",Reduced latency & improved power efficiency as compared to baselines,"1. Longer convergence time
2. FPGA resource constraints","FPGA, IoT camera subsystems",Facial image data,Cameras transmits image data to edge-cloud collaborative computing system via IoT network,Not specified,"Provide security, isolation & robustness via L4Linux","CNN computation energy, hardware resource usage, execution time, power efficiency (GOPS/W)","FPGA CNN acceleration, QL-HEFT scheduling
"
Energy-Efficient Task Offloading for Distributed Edge Computing in Vehicular Networks,"Zhijian Lin, Jianjie Yang, Celimuge Wu, Pingping Chen",2024,IEEE Xplore,"Internet of Vehicles, Distributed Edge Computing, ISCC",Double-Iteration Joint Optimization Algorithm (DIJOA),Task Offloading,Task Offloading,CPL,MO,"V2V, V2R, R2N wireless channels",Custom numerical simulation,Distributed edge computing with AENs & DIJOA for joint optimization,">2.5% energy reduction, AENs reduce energy","1. Complexity grows with AENs
2. Multi-user cooperation not considered","RSU, vehicles, AENs (PCs, PVs, MDs), vehicle terminals",Task data from IoV onboard sensors,"V2V, V2R, R2N links via RSU","Protocol: V2V, V2R, R2N wireless channels
Packet Size & Encryption: NA",Not specified,"Transmission energy, Local computation energy, SV computation energy, RSU computation energy, AEN computation energy",Joint task offloading & bandwidth allocation
Energy-Efficient Task Offloading for Three-Tier Wireless-Powered Mobile-Edge Computing,"Mehdi Bolourian, Hamed Shah-Mansouri",2023,IEEE Xplore,"WPMEC, IoT, wireless energy transfer","Bipartite graph matching
WiEnTM algorithm",Task Offloading,Task Offloading,CML,MO,"Harvest-then-offload TDMA, RF-based WPT",Numerical simulation,"Three-tier WPMEC, energy minimization via matching & harvest-then-offload scheduling",Up to 34% reduction in WET,Optimal β parameter not determined,"WDs, MEC Servers (HAP)","Task data (subtasks, input/output bits, workload)",Wireless task offloading via HAP,"Protocol: TDMA
Packet size & Encryption: Not specified",Not specified,Local computation energy; data transmission energy; harvested energy; ET total transmitted energy,Matching-based task offloading
UAV-Aided Energy-Efficient Edge Computing Networks: Security Offloading Optimization,"Xiaohui Gu, Guoan Zhang, Mingxing Wang, Wei Duan, Miaowen Wen, Pin Han Ho",2022,IEEE Xplore,"Secure Task offloading, UAVs, Physical Layer Security","Convex optimization, bisection algorithm",Optimization,Security Aware Energy Optimization,CPL,MO,Full duplex protocol,Custom numerical simulation,"UMEC with EH, full-duplex MEC with jamming, joint resource optimization","Outperforms nonoffloading and full offloading, harvested energy exceeds consumed energy, optimal offloading time equals max latency","1. Linear EH model assumed
2. UAV trajectory optimization not considered","UAV, AP (MEC), Evesdroppers (Eve)",Input data bits & computation tasks,UAV to  AP (MEC) via wireless channels,"Protocol: Full-duplex
Packet size: 2 Mbits
Encryption: Not specified","Physical layer security, artificial noise","Offloading energy, local computation energy, harvested energy & energy gap","Joint optimization of offloading data size, offloading time, & transmit power with energy harvesting"
Resource Allocation for Energy-Efficient MEC in NOMA-Enabled Massive IoT Networks,"Binghong Liu, Chenxi Liu, Mugen Peng",2021,IEEE Xplore,"NOMA-MEC, multi-cell IoT networks","1. Swap-Enabled Matching
2. Dinkelbach-SCP power allocation
3. Knapsack Computation allocation",Task Offloading,Task Offloading,CPL,MO,"NOMA (uplink), SIC","Numerical simulation (3 SBSs, 1000 devices; Rayleigh fading)","Joint radio-computation resource allocation, NOMA-based offloading","Higher energy efficiency vs OMA, efficiency increases with SBSs & power, decreases with task size, converges in 5 to 10 iterations","1. Non-convex MINLP optimization
2. Heuristic iterative algorithms","IoT devices, SBS (MEC Servers)","Computation tasks, input data bits, CPU cycles",NOMA uplink from Iedge to SBS-mounted MEC & SIC at receiver,"Protocol: NOMA (uplink), SIC
Packet size & Encryption: Not specified",Not specified,"Transmission power, circuit power, total power consumption, energy efficiency ratio","Joint subchannel, power & computing RB allocation"
Energy-Efficient Resource Management in UAV-Assisted Mobile Edge Computing,"Yan Kyaw Tun, Yu Min Park, Nguyen H. Tran, Walid Saad, Shashi Raj Pandey, Choong Seon Hong",2021,IEEE Xplore,"UAV-assisted MEC, Joint energy minimization & resource management",Block Successive Upper-bound Minimization (BSUM),Task Offloading,Task Offloading,CPL,MO,Air-to-Ground (A2G),Custom numerical simulation,"Joint optimization of offloading, resource allocation, UAV trajectory",Reduces energy consumption vs BCD and baselines,Converges to stationary/sub-optimal solution,IoT devices & UAV-mounted MEC server,"Computation task data from IoT devices (wearable, metering, monitoring)",Uplink wireless transmission to UAV,"Protocol: A2G wireless
Packet size & Encryption: Not specified",Not specified,"Local computing energy, uplink transmission energy, UAV flying energy, UAV execution energy","Joint energy minimization via task offloading, resource allocation & UAV trajectory"
EASE: Energy-efficient task scheduling for edge computing under uncertain runtime and unstable communication conditions,"Hui Yan, Ya Li, Xiaomin Zhu, Dayu Zhang, Ji Wang, Huangke Chen, Weidong Bao",2021,Wiley Digital Library,Edge computing & Energy-efficient scheduling under uncertainty,EASE heuristic scheduling (Integer programming model),Task Offloading,Task Offloading,CPL,HM,D2D communication,Custom simulation,"D2D-based framework, Beta distribution model & EASE heuristic algorithm",Minimizes energy while ensuring reliability under uncertainty Outperforms benchmarks in energy efficiency & task completion,No global optimality,Edge devices (mobile/IoT); D2D peer devices,"Task size, computation (MI), arrival time, deadline",D2D data offloading between devices,"Protocol: D2D
Packet size & Encryption: Not specified",Not specified,"Task execution energy, D2D communication energy, battery capacity",Energy-aware task scheduling with reliability constraint
Energy-Efficient Secure Computation Offloading in Wireless Powered Mobile Edge Computing Systems,"Mengru Wu, Qingyang Song, Lei Guo, Inkyu Lee",2023,IEEE Xplore,"Physical layer security, Secrecy energy efficiency maximization & Wireless-powered MEC",Two-layer optimization (SCA & Dinkelbach),Optimization,Security Aware Energy Optimization,CPL,MO,NA,Numerical simulation (CVX),PLS-based secure offloading with cooperative jamming; SEE maximization,"Two-layer algorithm achieves SEE enhancement vs benchmarks
Satisfies secrecy offloading rate and energy causality constraints",Nonlinear EH model not considered,"Energy-constrained IoT devices, MEC server; power beacon (PB)","Computation tasks, channel state information (CSI)",Devices offload tasks to MEC server &  PB transmits WPT energy and jamming simultaneously,"Packet Size: 1x10^5 bits
Protocol & Encryption: Not specified",Physical layer security via cooperative jamming by PB,"Local computing energy, offloading energy, circuit power, transmit power",Secrecy Energy Efficiency maximization
Energy-Efficient Resource Allocation for Heterogeneous Edge-Cloud Computing,"Wei Hua, Peng Liu, Linyu Huang",2024,IEEE Xplore,"Heterogeneous edge-cloud computing, resource allocation","Joint power control, transmission scheduling, & offloading (MIP optimization)
MAH heuristic",Task Offloading,Task Offloading,CPL,MO,LTE-A,Custom simulation,Edge-cloud collaborative scheme with mobility awareness & total energy minimization,"93% energy reduction vs LPF, 70% energy reduction vs NMA-MIP","NP-hard MIP
High computational complexity","Mobile devices (MDs), edge servers, base station,","Computation tasks, mobility context, CSI",D2E wireless offloading & core network fiber transmission,"Protocol: LTE-A
Protocol & Encryption: Not specified",Not specified,"Power control, transmission scheduling, offloading decisions","Joint power control, scheduling & offloading
Mobility-aware energy minimization"
Energy-Efficient Multiprocessor-Based Computation and Communication Resource Allocation in Two-Tier Federated Learning Networks,"Rukhsana Ruby, Hailiang Yang, Felipe A.P. De Figueiredo, Thien Huynh-The, Kaishun Wu",2023,IEEE Xplore,"Federated Learning,  Two-tier UAV network, Energy-efficient resource allocation, Multiprocessor IoT","1. Dual decomposition
2. Bisection search optimization
3. Offline & online client scheduling schemes",Task Offloading,Task Offloading,CPL,MO,OFDMA,"MNIST, Custom simulation",Joint computation & communication optimization in hierarchical FL,"25% energy reduction, 40% energy consumption improvement, 40% learning accuracy improvement",Non-convex optimization; iterative solution,"Multiprocessor IoT nodes, low-altitude UAV aggregators & high-altitude UAV","Local data samples, learning updates, non-IID data, handwritten digits","OFDMA wireless & synchronous hierarchical communication,","Protocol: OFDMA
Packet size: 16 bits per parameter
Encryption: Not specified",Not specified,"Transmission energy, computation energy, CPU energy, transmit power","Joint computation & communication resource allocation
Workload partitioning & frequency scaling"
EEDOS: an energy-efficient and delay-aware offloading scheme based on device to device collaboration in mobile edge computing,"Ramtin Ranji, Ali Mohammed Mansoor, Asmiza Abdul Sani",2020,SpringerLink,"MEC, D2D collaboration, Energy-efficient and delay-aware task offloading","EEDOS
Min-cost maximum matching graph algorithm",Task Offloading,Task Offloading,CML,MO,"D2D, LTE",SimuLTE,"Joint D2D, MEC & cloud offloading framework","Achieves 95% energy efficiency, 71% edge CPU reduction, lower latency, higher successful task offloading","1. Graph matching heuristic; centralized
2. MEC decision",Mobile IoT devices & MEC server,"Computational tasks, face recognition data, channel quality indicator, SINR values",D2D direct communication & LTE uplink to MEC server,"Protocol: D2D, LTE
Packet Size: 420KB
Encryption: Not specified",Not specified,"Local execution energy, CPU cost, transmit power, battery level, task size, data rate, deadline, MEC capacity","Deadline & energy-constraint classification
MED/D2D task offloading"
Energy-Aware Selective Inference Task Offloading for Real-Time Edge Computing Applications,"Abdelkarim Ben Sada, Amar Khelloufi, Abdenacer Naouri, Huansheng Ning, Sahraoui Dhelim",2024,IEEE Xplore,IoT Edge Computing & Inference task offloading,"1. Lightweight Genetic Algorithm-based scheduler (LITS)
2. SARSA-RL server selection",Task Offloading,Task Offloading,CPL,RL,Wi-Fi,"ImageNet-Mini, Raspberry Pi testbed","LITOSS framework, GA-based scheduling, SARSA server selection, selective inference offloading & accuracy-energy optimization","81.86% average accuracy, <5ms scheduling time, improved constraint conformity","1. NP-hard scheduling
2. No wireless transmission energy model
3. No distributed server load estimation
4. No deep RL server selection","Raspberry Pi, edge servers, laptops, desktops","Inference tasks, sensed data, image streams",Device-to-edge offloading &  parallel communication,"Protocol: Wi-Fi
Packet size & Encryption: Not specified",Not specified,"Offloading energy, inference energy, transmission power, battery usage, receiving response energy",Energy-aware selective inference scheduling & offloading
Dynamic Task Offloading and Resource Allocation for NOMA-Aided Mobile Edge Computing: An Energy Efficient Design,"Ying Chen, Jiajie Xu, Yuan Wu, Jie Gao, Lian Zhao",2024,IEEE Xplore,NOMA-MEC & Dynamic task offloading,"EETO algorithm
Lyapunov stochastic optimization",Task Offloading,Task Offloading,CPL,ML,NOMA (uplink; SIC),Custom simulation,"EETO algorithm, energy minimization & queue stability control","Reduced system energy vs SDTO-18, ICSOC-19, DOLA-22, CCPM-19, stable queues &  scalable with devices","1. Single SBS assumed
2. SBS selection & channel selection not jointly optimized
3. Perfect SIC assumed",IoT devices; SBS-mounted MEC server,"Computation tasks, task size bits, queue states",NOMA uplink from IoT devices to SBS MEC server with SIC decoding,"Protocol: NOMA (uplink), SIC
Packet size: up to 2.5x10^5 bits
Encryption: Not specified",Not specified,"Local computation energy, transmission energy, MEC execution energy",Lyapunov drift-plus-penalty energy minimization with queue stability
Dynamic computation offloading in edge computing for internet of things,"Ying Chen, Ning Zhang, Yongchao Zhang, Xin Chen",2019,IEEE Xplore,IoT Edge Computing & Dynaming computation offloading,"Dynamic Computation Offloading Algorithm
Lyapunov stochastic optimization",Task Offloading,Task Offloading,CPL,ML,NA,"Custom simulation, Poisson distributed Synthetic Data ","DCOA algorithm, cost-delay tradeoff optimization & online distributed processing","O(W) bounded queue length, O(1/W) bounded cost, cost stabilizes after 100 slots, queue stabilizes after 50 slots",NA,IoT devices & edge servers,Computation tasks,D2E and E2C offloading via wireless communication,"Protocol, Packet size & Encryption: Not specified",Not specified,"Offloading cost, unit offloading cost, processing ability, queue backlog",Online stochastic offloading
Design and energy-efficient resource management of virtualized networked Fog architectures for the real-time support of IoT applications,"Paola G. Vinueza Naranjo, Enzo Baccarelli, Michele Scarpiniti",2018,SpringerLink,"Fog computing, Virtualized fog architecture & real-time streaming","1. Container-based virtualized Fog architecture
2. Penalty-aware bin packing heuristic",Task Offloading,Task Offloading,CPL,HM,"UDP-TCP/IP, IEEE 802.11b, Ethernet","World Cup 98, Microsoft RAID workload
iFogSim toolkit","PABP heuristic, joint energy minimization & adaptive resource scaling",Up to 33.84% total energy savings & reduces per-device energy by 76-78% with real-time round-trip times of 24-25ms,Weaker isolation than VM virtualization,"Sensors, smartphones, access points, connected vehicles, smart meters, fog nodes","Computation tasks, real-time streaming, video streaming, environmental data","IEEE 802.11b wireless (IoT to Fog), Ethernet (Fog to cloud) &  TCP/IP for virtual connections","Protocol: UDP-TCP/IP, IEEE 802.11b, Ethernet
Packet size & Encryption: NA","vTPMs, access control & authentication","Computation energy, networking energy, idle energy, maximum energy, migration energy",Adaptive scaling of container CPU frequency &TCP throughput
A Mobile Edge Computing Model Enabling Efficient Computation Offload-Aware Energy Conservation,"Mavromoustakis Constandinos X., Mastorakis George, Batalla Jordi Mongay",2019,IEEE Xplore,"M2M clustering, edge offloading, resource-aware, battery constraints","Collaborative recommendation, M2M offloading",Optimization,Routing Optimization,CPL,HM,"GSM/GPRS, Wi-Fi/WLAN, D2D","Java simulation, Android UI, IoT edge clusters, FBM mobility","M2M collaborative offloading, virtual clustering, resource-aware matching, energy-delay reduction","Lower task delay, longer node lifetime, reduced energy cost, better scalability","Simulation-only validation.
Lacks SDN middleware integration.
Security and privacy unaddressed","wearables (WBSN) ( smart glasses, smart jewelry, smart shoes, smart accessories), mobile devices (mobile terminals, smartphones), IoT devices (smart objects, smart appliances)",computation tasks,"device-to-edge offloading, M2M communication, cluster-based communication, local processing","GSM, GPRS, Wi-Fi, WLAN, D2D | 2-10 Mb data | N/A",None | local processing,"transmission power, processing energy, battery level, node lifetime","M2M offloading, peer selection, Jaccard clustering, battery-aware, transmission reduction"
An Energy-Efficient Edge Computing Framework for Decentralized Sensing in WSN-Assisted IoT,Vini Gupta and Swades De,2021,IEEE Xplore,"WSN sensing optimization, energy-quality tradeoff, PCA-SBL, edge coordination","PCA-SBL, decentralized selection, MBS",Clustering,Clustering,CML,ML,"Generic WSN, radio energy model, SN–CH–FC communication","Hybrid WSN simulation, 100×100m, 80 nodes, Gaussian signal, Intel Berkeley dataset","PCA-SBL sensor selection, decentralized control, MBS, sleep scheduling, +84% energy efficiency","Up to 84% energy-efficiency gain, longer lifetime, improved energy balance, maintained sensing quality","Estimation error accumulation over cycles.
Frequent energy-costly network retraining required.
Evaluated primarily on slowly varying processes","IoT devices (sensor nodes, Mica2Dot sensors), MEC servers (edge servers) (fusion center, cluster heads)","sensor data, time-series data","device-to-edge offloading, multi-hop / cluster-based communication, local processing",WSN | 50 bits | N/A,None | local processing,"transmission energy, processing energy, battery level, node lifetime","PCA-SBL, sensor subset activation, sleep scheduling, energy-aware sensing"
Energy-Efficient Task Migration and Path Planning in UAV-Enabled Mobile Edge Computing System,"Can Gong, Li Wei, Deliang Gong, Tiantian Li, and Fang Feng",2022,Wiley Digital Library,"UAV swarm optimization, task migration, load balancing, ACO path planning","EDTM, task migration, ACO-based",Optimization,Routing Optimization,CPL,HM,"Generic wireless, channel gain model, bandwidth/noise modeling","600×600m simulation, 15 UAVs, 100 devices, Poisson arrivals, UAV-MEC","EDTM, ACO enhancement, path pruning, UAV load balancing, flight+transmission energy minimization","Lower migration cost, minimized system energy, balanced UAV load, reduced queue backlog","Evaluation restricted to simulations.
Poisson-distributed task arrival assumption.
Inter-UAV collision and security ignored","UAVs (drones) (unmanned aerial vehicles), mobile devices (mobile devices, mobile users), MEC servers (edge servers) (edge servers), base stations (BS) / access points (AP) (base stations)","computation tasks, traffic data","device-to-edge offloading, air-ground communication, task migration, multi-hop","5G, wireless communication | N/A | N/A",None | local processing,"flight energy, transmission energy, computation energy","UAV task migration, joint energy modeling, path pruning, load balancing"
Computation Energy Efficiency Maximization for a NOMA-Based WPT-MEC Network,"Liqin Shi, Yinghui Ye, Xiaoli Chu, and Guangyue Lu",2021,IEEE Xplore,"NOMA-WPT-MEC, energy efficiency maximization, CPU/offloading optimization","Dinkelbach method, fractional optimization",Energy Harvesting,Energy Harvesting,CPL,MO,"NOMA uplink, WPT, harvest-then-transmit","Simulation, NOMA-WPT-MEC, 4 users, 1 beacon, EH model, Rayleigh fading","Dinkelbach optimization, nonlinear EH model, joint CPU/WPT tuning, CEE maximization","Higher CEE, inverse relation with CPU frequency, best at maximum execution time","Single-antenna device assumption.Individual battery levels unconsidered.
NOMA decoding order unoptimized","IoT devices (smart devices, IoT devices), mobile devices (edge users), MEC servers (edge servers) (MEC servers), base stations (BS) / access points (AP) (base station, power beacon)",computation tasks,"device-to-edge offloading, uplink transmission, local processing, simultaneous transmission","NOMA, WPT | N/A | N/A",None | local processing,"computing frequency, transmission power, energy harvesting, computation energy efficiency","WPT, energy harvesting, CPU frequency scaling, partial offloading, deadline-aware"
E-HIP: An Energy-Efficient OpenHIP-Based Security in Internet of Things Networks,Peter Kaňuch and Dominik Macko,2019,MDPI Digital Library,"Lightweight security protocol, overhead reduction, energy-efficient communication","E-HIP, protocol optimization",Optimization,Security Aware Energy Optimization,CML,MO,"HIP, UDP/IPv4, Bluetooth 4.1","Hardware, Raspberry Pi 3, BLE 4.1, IoT network","E-HIP, handshake removal, parameter pruning, lightweight security, overhead/energy reduction","20% energy-efficiency gain, 11.5% from CLOSE_ACK removal, 1% from parameter reduction, lower bandwidth overhead","Incompatible with standard HIP protocol.
Lacks dynamic public key distribution.
Limited general-purpose usage","IoT devices (IoT end device, Raspberry Pi 3), fog nodes / gateways (IoT gateway), MEC servers (edge servers) (laptop computer)","sensor data, control/metadata","distributed communication, peer-to-peer","HIP, UDP, Bluetooth 4.1, IPv4 | variable-size control packets | encryption, authentication, digital signature, RSA, ECDSA","secure protocol, authentication, encryption | anonymization, secure transmission","device energy consumption, power consumption","Handshake reduction, payload minimization, protocol simplification, sleep enablement"
Efficiency Near the Edge: Increasing the Energy Efficiency of FFTs on GPUs for Real-Time Edge Computing,"Karel Adámek, Jan Novotný, Jeyarajan Thiyagalingam, and Wesley Armour",2021,IEEE Xplore,"GPU energy optimization, DFS, FFT processing, real-time edge computing","DFS, frequency scaling",Data Reduction,Data Reduction,HL,ML,"N/A, GPU computation, PCIe transfer","GPU benchmarking, NVIDIA (A100/V100/P4/Titan/Jetson), Gearshifft, ARC facility","DFS for FFT, GPU tuning, memory-bound exploitation, ~47% power reduction, real-time preservation","Up to 47% power reduction (A100), 43% average savings, 60% reduction (V100), <10% time penalty","Fixed memory clock frequency constraint.
DFS restricted mainly to scientific GPUs.
High measurement error on low-power edge boards","edge GPUs / accelerators (NVIDIA GPUs, Tesla A100, Tesla V100, Tesla P4, Jetson Nano, Titan V)","computation tasks, benchmark data",local processing,N/A | N/A | N/A,None | local processing,"power consumption, frequency scaling, energy efficiency","DFS, GPU frequency tuning, power-performance tradeoff, memory-bound optimization"
Energy-Efficient Integrated Sensing and Communication: A Multi-Access Edge Computing Design,"Ning Huang, Chenglong Dou, Yuan Wu, Liping Qian, and Rongxing Lu",2023,IEEE Xplore,"ISAC optimization, beamforming, MEC offloading, energy efficiency","DC programming, bisection search",Optimization,Routing Optimization,CPL,MO,"Generic multi-access wireless, ISAC-BS link, channel/noise model","Numerical simulation, 5 users, 3 antennas, ISAC-MEC","DC optimization, ISAC beamforming + offloading, joint design, energy efficiency maximization","Lower total energy vs. baselines, energy efficiency rises with bandwidth and latency budget","Perfect channel state information assumption.
DC algorithm global convergence unguaranteed.
Evaluated via numerical simulations only","IoT devices (ISAC device), MEC servers (edge servers) (edge-servers), base stations (BS) / access points (AP) (base station)","sensor data, computation tasks, channel/state information","device-to-edge offloading, multi-access transmission",ISAC | N/A | N/A,None | local processing,"transmission power, computation energy, energy efficiency","ISAC offloading, beamforming optimization, precoding, power constraint handling"
Energy-Efficient Multiaccess Edge Computing for Terrestrial-Satellite Internet of Things,"Zhengyu Song, Yuanyuan Hao, Yuanwei Liu, and Xin Sun
,",2021,IEEE Xplore,"LEO-MEC offloading, resource allocation, fractional programming","E-CORA, SFP, resource allocation",Optimization,Routing Optimization,CPL,MO,"OFDMA, C-band (ground), Ka-band (satellite)","MATLAB simulation, LEO satellite IoT, path loss, shadowed-Rician, Rayleigh","E-CORA, SFP-based optimization, ground-LEO coordination, joint radio/CPU/offloading optimization","Lower IMD energy vs. local/full offload, higher TST power reduces IMD energy, optimal offloading bits identified","Single terrestrial-satellite terminal assumption.
Multi-terminal interference management absent.
Multi-operator satellite costs ignored","satellites (LEO/GEO) (LEO satellites), IoT devices (IoT mobile devices), mobile devices (IMDs), MEC servers (edge servers) (MEC servers), fog nodes / gateways (terrestrial-satellite terminal), base stations (BS) / access points (AP) (access point)",computation tasks,"device-to-edge offloading, hierarchical communication, ground-to-satellite communication, uplink/downlink","Ka-band, C-band, LTE, 5G | N/A | N/A",None | local processing,"transmission power, computation energy, satellite energy","LEO offloading, ground-space split, DVFS, bit allocation optimization"
Energy-Efficient Resource Allocation in Mobile Edge Computing Using NOMA and Massive MIMO,"Qusay Alghazali, Husam Al-Amaireh, and Tibor Cinkler",2025,IEEE Xplore,"NOMA-mMIMO, power allocation, offloading tradeoff, channel optimization","SMUSC, K-means, CCCP, IPSBA",Clustering,Clustering,NO,HM,"NOMA, mMIMO","Simulation, NOMA mMIMO, single-cell, imperfect CSI, MMSE estimation","CCCP + Gale-Shapely, NOMA/mMIMO integration, probabilistic local execution, energy minimization","Significant energy savings, lower energy under relaxed delay, better NOMA assignment efficiency","Downlink phase explicitly ignored.
High computational complexity requires heuristic approximations.
Assumes channel hardening and favorable conditions","mobile devices (mobile devices, users), base stations (BS) / access points (AP) (BS), MEC servers (edge servers) (processing center, cloudlet)","computation tasks, channel/state information","device-to-edge offloading, local processing, uplink transmission","NOMA, mMIMO, 5G | N/A | N/A",None | local processing,"transmission power, processing energy, device energy consumption","DVS, execution time extension, NOMA clustering, transmit power control, mMIMO"
Energy-Efficient Task Scheduling Based on Traffic Mapping in Heterogeneous Mobile-Edge Computing: A Green IoT Perspective,"Chaowei Wang, Xiaofei Yu, Lexi Xu, and Weidong Wang",2022,IEEE Xplore,"MEC scheduling, heterogeneous processors, energy-constrained optimization","ESTMP, traffic mapping, slack-space scheduling",Optimization,Routing Optimization,CML,HM,"IoT/MEC wireless, Wi-Fi AP, base station","Python simulation, DAG models, 3 processors, MEC, Pokémon Go traffic","ESTMP, slack-space allocation, DAG scheduling, heterogeneous processors, energy-constrained optimization","16.78% - 41.56% shorter schedules, strict energy constraint compliance, better scalability","Static DAG task models assumption.
Ignores real-time dynamic task arrivals.
Simulation-based validation","mobile devices (mobile devices, terminals), MEC servers (edge servers) (edge servers), base stations (BS) / access points (AP) (small-cell access point, base stations), edge GPUs / accelerators (GPUs, DSPs, FPGAs, ASICs), wearables (WBSN) (wearables)","computation tasks, multimedia data","device-to-edge offloading, hierarchical communication, parallel task mapping","WiFi, 5G, 6G | N/A | N/A",None | local processing,"power consumption, frequency scaling, processing energy","DVFS, slack-space allocation, heterogeneous scheduling, traffic-aware mapping"
Energy Efficient Dynamic Offloading in Mobile Edge Computing for Internet of Things,"Ying Chen, Ning Zhang, Yongchao Zhang, Xin Chen, Wen Wu, and Xuemin (Sherman) Shen",2019,IEEE Xplore,"Lyapunov optimization, queue stability, dynamic offloading","EEDOA, Lyapunov optimization",Optimization,Routing Optimization,CPL,ML,"TDMA, sub-channel access","Simulation, 100 IoT devices, MEC, Rayleigh fading, uniform arrivals","EEDOA, Lyapunov optimization, queue-aware offloading, energy-delay tradeoff, online control","Strict O(1/V), O(V) tradeoff, higher V lowers energy, queue length remains bounded","Hard delay guarantees lacking.
Single base station assumption.
Validated solely via simulations","IoT devices (IoT devices, end devices), MEC servers (edge servers) (MEC server), base stations (BS) / access points (AP) (base station)",computation tasks,"device-to-edge offloading, dynamic offloading, uplink transmission",N/A | 0-2200 bits data packets | N/A,None | local processing,"transmission energy, computation energy, device energy consumption","Lyapunov optimization, queue-aware offloading, channel-aware decisions"
Integrated Sensing and Communication Assisted Mobile Edge Computing: An Energy-Efficient Design via Intelligent Reflecting Surface,"
Ning Huang, Tianshun Wang, Yuan Wu, Qingqing Wu, and Tony Q. S. Quek",2022,IEEE Xplore,"IRS-assisted MEC, interference mitigation, joint optimization",DC programming,Optimization,Routing Optimization,CPL,MO,"ISAC, shared spectrum, SIC","Numerical simulation, IRS-assisted ISAC-MEC, 5 users, 3 antennas, 1 BS","BCD + IRS optimization, joint phase/offloading/CPU tuning, interference mitigation, energy reduction","Lower total energy, energy drops with more IRS elements","Identical offloading transmission durations assumed for all users.
Perfect CSI assumption.
Rank-one constraint relaxation suboptimality","mobile devices (users, edge computing users), base stations (BS) / access points (AP) (ISAC BS), MEC servers (edge servers) (ECUs)","sensor data, computation tasks, channel/state information","device-to-edge offloading, assisted wireless communication, uplink transmission",ISAC | N/A | N/A,None | local processing,"transmission power, computation energy, device energy consumption","IRS-assisted optimization, interference mitigation, joint compute-communication tuning"
Intelligent energy optimization for advanced IoT analytics edge computing on wireless sensor networks,"Israel Edem Agbehadji, Samuel Ofori Frimpong, Richard C Millham, Simon James Fong, and Jason J Jung",2020,SAGE Journals,"WSN clustering, CH selection, network lifetime maximization","DEEC-KSA, clustering, metaheuristic",Clustering,Clustering,NO,HM,"TDMA, radio energy model","100×100m WSN, 100 nodes, heterogeneous energy","DEEC-KSA, bio-inspired clustering, CH optimization, load balancing, network lifetime maximization","Highest LND rounds (3909), extended lifetime, higher throughput, improved packet delivery","High risk of high-energy node depletion.
Potential for network coverage blackouts.
Evaluated on limited simulated area","IoT devices (sensors, smart devices, appliances), fog nodes / gateways (cluster head), base stations (BS) / access points (AP) (base stations)","sensor data, time-series data","multi-hop / cluster-based communication, hierarchical communication, device-to-edge offloading","WSN, RFID | 4000 bits | N/A",None | local processing,"transmission energy, battery level, node lifetime","DEEC clustering, CH selection, TDMA scheduling, load balancing"
Low-latency and energy-efficient scheduling in fog-based IoT applications,"Dadmehr Rahbari, Mohsen Nickray",2019,TÜBİTAK,"Fog scheduling, resource allocation, energy-latency optimization","GKS, greedy scheduling, knapsack",Optimization,Routing Optimization,CPL,HM,"Fog/Cloud networking, module-device mapping","iFogSim, fog computing, VRGame (EEG), DCNS surveillance","GKS scheduling, knapsack modeling, fog-local execution, latency-energy-cost reduction","Up to 45.3% execution-cost reduction, 29.1% energy reduction, 27.1% lower loop delay","Fault-tolerance mechanisms unaddressed.
Security and trust parameters missing.
Simulation toolkit evaluation only","IoT devices (sensors, actuators, cameras), fog nodes / gateways (fog devices, microdatacenters), mobile devices (smartphones, mobiles)","computation tasks, sensor data, multimedia data","hierarchical communication, device-to-edge offloading, distributed communication",N/A | 100-20000 B tuples | N/A,None | local processing,"transmission energy, processing energy, power consumption","Greedy knapsack, local fog execution, resource optimization, transmission reduction"
Towards Energy-Efficient Heterogeneous Multicore Architectures for Edge Computing,"Abdoulaye Gamatié, Guillaume Devic, Gilles Sassatelli, Stefano Bernabovi, Philippe Naudin, Michael Chapman",2019,IEEE Xplore,"Heterogeneous architecture, energy-efficient workload mapping","Heterogeneous multicore, cooperative scheduling",Optimization,Routing Optimization,HL,HM,N/A,"FPGA prototyping, Kintex-7, heterogeneous multicore, WCET benchmarks","Asymmetric multicore, workload-core mapping, sub-watt design, 22–45% energy gain","22% average energy gain (up to 45%), 2.4× speedup, efficient floating-point execution","Inflexible cooperative task scheduling for strict real-time workloads.
Limited benchmark diversity.
Prototyped on FPGA rather than ASIC","edge GPUs / accelerators (GPUs, Intel Movidius Myriad, Jetson TX2), IoT devices (Arduino, edge devices, microcontrollers), MEC servers (edge servers) (Raspberry Pi, Intel Galileo)","computation tasks, benchmark data",local processing,N/A | N/A | secure microarchitectures,lightweight security | local processing,"processing energy, power consumption, energy efficiency","Heterogeneous cores, workload mapping, low-power execution, architecture-aware scheduling"
Two-Stage Deep Energy Optimization in IRS-Assisted UAV-Based Edge Computing Systems,"Jianqiu Wu, Zhongyi Yu, Jianxiong Guo, Zhiqing Tang, Tian Wang, Weijia Jia",2024,IEEE Xplore,"THz UAV-MEC, IRS-assisted optimization, deep learning offloading","IOPO, WOA, deep optimization",Optimization,Routing Optimization,CML,HM,THz communication,"800×600m simulation, 3 UAVs, 15 users, 25 IRS, THz UAV-MEC","IOPO + WOA, deep optimization, IRS-assisted THz, fast convergence, system-wide energy minimization","Up to 32.8% energy-cost reduction, near-optimal performance, fewer overdue/dropped tasks","Simulation-only validation.
Real THz environment constraints untested.
Practical UAV flight energy losses simplified","mobile devices (users, User Electronic Device), UAVs (drones) (Unmanned Aerial Vehicles), MEC servers (edge servers) (MEC server), base stations (BS) / access points (AP) (base station)","computation tasks, channel/state information","device-to-edge offloading, air-ground communication, assisted wireless communication, local processing",THz | N/A | N/A,None | local processing,"flight energy, transmission power, processing energy","IRS-assisted THz, IOPO, quantization, WOA optimization, joint energy minimization"
An energy efficient IoT data compression approach for edge machine learning,"Joseph Azar, Abdallah Makhoul, Mahmoud Barhamgi, Raphaël Couturier",2019,ScienceDirect,"Wearable IoT, data compression, edge inference, battery extension","SZ compression, FFNN",Data Reduction,Data Reduction,DL,ML,BLE (Bluetooth Low Energy),"Hardware, Polar M600, WBSN, PhysioNet stress dataset","SZ compression, local preprocessing, 10³ data reduction, battery extension, edge ML support","Data volume cut by up to 10³×, up to 27% lifetime extension, 98% accuracy retained","Limited to specific physiological datasets.
Decompression overhead at edge unquantified.
Evaluated on small subject pool","IoT devices (IoT nodes, WSNs), wearables (WBSN) (wearable devices, WBSNs), MEC servers (edge servers) (local PCs), fog nodes / gateways (IoT gateways), mobile devices (mobile phones)","sensor data, time-series data, compressed data","device-to-edge offloading, compressed data transmission, local processing","BLE, WiFi | variable-size compressed data | N/A","None | data compression, edge inference, local processing","transmission energy, battery level, device energy consumption","SZ compression, local preprocessing, BLE reduction, edge inference"
An energy-efficient model for fog computing in the Internet of Things (IoT),"Ryuji Oma, Shigenari Nakamura, Dilawaer Duolikun, Tomoya Enokido, Makoto Takizawa",2018,ScienceDirect,"Fog hierarchy, distributed processing, traffic reduction","TBFC, hierarchical fog model",Optimization,Routing Optimization,CML,HM,"Generic network, low-bandwidth (200 Kbps)","Numerical evaluation, Xeon server, BCM2837 fog nodes, TBFC","TBFC hierarchy, multi-level filtering, data reduction, congestion + energy minimization","Lower electric energy, shorter execution time, better scaling than cloud baselines","Strict hierarchical tree topology assumption.
Node mobility ignored.
Single point of failure at parent nodes","fog nodes / gateways (fog nodes, edge nodes, Raspberry Pi), IoT devices (sensors, actuators), wearables (WBSN) (watches, glasses), mobile devices (smart phones, tablets)","sensor data, computation tasks","hierarchical communication, multi-hop communication, device-to-edge offloading",N/A | 1 MB data | N/A,None | local processing,"transmission energy, computation energy, power consumption","TBFC hierarchy, multi-level processing, data reduction, congestion avoidance"
Edge Computing AI-IoT Integrated Energy-efficient Intelligent Transportation System for Smart Cities,"Suresh Chavhan, Deepak Gupta, Sarada Prasad Gochhayat, Chandana B. N., Ashish Khanna, K. Shankar, Joel J. P. C. Rodrigues",2022,ACM Digital Library,"Smart transportation, MAS, RBF-NN, fuel/energy optimization","MAS, RBF-NN, prediction model",Optimization,Routing Optimization,CPL,ML,"DSRC (802.11p), V2X, LTE/4G/5G/WLAN","SUMO simulation, ITS, NGSIM dataset, Bangalore OSM","MAS + RBF-NN, traffic prediction, eco-speed broadcasting, fuel + emission reduction","10% - 20% CO₂ reduction, lower fuel use, accurate travel-time prediction, reduced queue waiting","Highly dependent on historical dataset quality.
Assumes full driver compliance with advised speeds.
Simulation-based V2X communication evaluation","vehicles / V2X nodes (vehicles, OBD), MEC servers (edge servers) (RSUs, edge computing device), IoT devices (sensors, radars, GPS), multi-agent nodes (MAS)","traffic data, sensor data, time-series data","agent-based / distributed communication, V2X communication, hierarchical communication","DSRC, WAVE, LTE, 4G, 5G, WLAN, GPRS, GSM, IEEE 802.11p | N/A | N/A","None | edge inference, local processing","vehicle fuel energy, computation energy, transmission energy","MAS, RBF-NN prediction, traffic smoothing, fuel/energy reduction"
Energy-efficient computation offloading strategy with tasks scheduling in edge computing,Yue Zhang and Jingqi Fu,2021,SpringerLink,"Offloading optimization, dynamic programming, power control","DPESO, dynamic programming, Jackson algorithm",Optimization,Routing Optimization,CML,MO,"TDMA, 5G/Wi-Fi","Monte Carlo, TDMA MEC, path loss, uniform distribution","DPESO, dynamic programming, TDMA-aware scheduling, joint power/offloading optimization","Lowest average energy vs. baselines, highest edge-server utilization, more savings with longer transmission allowance","Results downloading energy and delay explicitly ignored.
Strict TDMA synchronization required.
Single edge server model","mobile devices (mobile device, terminal devices), MEC servers (edge servers) (edge server), base stations (BS) / access points (AP) (access points)",computation tasks,"device-to-edge offloading, local processing, sequential transmission","TDMA, 5G, WiFi | 40-200 kb | N/A",None | local processing,"transmission power, computation energy, device energy consumption","DPESO, transmission time extension, power minimization, task sequencing"
Energy efficient edge-of-things,"Asfa Toor, Saif ul Islam, Ghufran Ahmed, Sohail Jabbar, Shehzad Khalid, and Abdullahi Mohamud Sharif",2019,SpringerLink,"Edge computing, dynamic speed scaling, workload-aware optimization",Dynamic speed scaling,Data Reduction,Data Reduction,HL,ML,"Generic IoT network, simulation-based","iFogSim, EoT, surveillance workload","Counter-based CPU scaling, workload-aware control, stable frequency adaptation, energy saving","Strong energy conservation under dynamic workload scaling, lower bandwidth use, minimal execution overhead","Simulation-only validation.
Frequent DVFS switching overhead simplified.
Single-tier fog architecture","fog nodes / gateways (fog device, gateway), IoT devices (sensors, actuators, security surveillance camera, television), mobile devices (laptop), wearables (WBSN) (watch), vehicles / V2X nodes (car)","computation tasks, multimedia data","device-to-edge offloading, hierarchical communication",N/A | N/A | N/A,None | local processing,"frequency scaling, power consumption, processing energy","Dynamic CPU scaling, workload-aware, stability control, thermal efficiency"
Energy‑efficient offloading and resource allocation for mobile edge computing enabled mission‑critical internet‑of‑things systems,"Yaru Fu, Xiaolong Yang, Peng Yang, Angus K. Y. Wong, Zheng Shi, Hong Wang, and Tony Q. S. Quek",2021,SpringerLink,"Mission-critical IoT, short packet optimization, resource allocation","Joint offloading, resource allocation",Optimization,Routing Optimization,CPL,MO,"Short-packet communication, wireless channel","MATLAB CVX, 250m cell, 3 APs, 24 IoT devices, Rayleigh fading","Short-packet optimization, decoupled MINLP, joint bandwidth/power/offloading, delay-energy reduction","70.9% - 80.1% energy savings, improved transmission time, lower total short-packet energy cost","Security and privacy issues explicitly ignored.
Sequential data processing assumption at AP.
Channel dispersion approximated to one","IoT devices (IoT devices), base stations (BS) / access points (AP) (access points, base stations), MEC servers (edge servers) (MEC node)","computation tasks, control/metadata","device-to-edge offloading, short-packet transmission, uplink/downlink","OFDMA | short-packet, 30-100 bytes | N/A",None | N/A,"transmission energy, processing energy, device energy consumption","Short packets, MINLP decomposition, single-AP constraint, iterative optimization"
High speed and energy efficient deep neural network for edge computing,"Kangjun Bai, Shiya Liu, and Yang Yi",2019,ACM Digital Library,"Edge AI, hybrid DNN, SNN, ultra-low power inference","DFR, reservoir computing",Data Reduction,Data Reduction,DL,ML,N/A,"Hardware simulation, DFR-SNN, Mackey-Glass dataset","Hybrid-DNN, memristive + SNN (DFR), ultra-low power (~1.05mW), parallel inference","1.05 mW on-chip power, high parallelism, fast low-latency inference","Limited to specific time-series activation datasets.
Analog hardware noise and variation unaddressed.
Scalability to massive DNNs unproven","edge GPUs / accelerators (SNN hardware, memristive synapses), IoT devices (edge devices)","computation tasks, time-series data",local processing,N/A | N/A | lightweight security,"lightweight security | edge inference, local processing","power consumption, processing energy, energy efficiency","Hybrid-DNN, SNN, memristive computing, ultra-low power"
Energy efficient opportunistic edge computing for the Internet of Things,Teemu Leppänen and Jukka Riekki,2019,SAGE Journals,"MAS, mobile agents, local processing, transmission reduction","MAS, mobile agents",Optimization,Routing Optimization,CML,HM,"HTTP, CoAP, Wi-Fi, IEEE 802.15.4 (XBee)","NetLogo simulation, Monsoon measurements, 100 WSN, 20 devices, Wi-Fi/XBee","MAS agents, code migration, in-network processing, transmission energy reduction","Up to 60% energy reduction (51% vs. baseline), adaptive execution, reduced payload size","Severe throughput limitations.
Small message frame size constraints.
Unsuitable for strict real-time applications","IoT devices (wireless sensor network nodes, Arduino Mega2560), mobile devices (smartphones, Samsung Galaxy S3), multi-agent nodes (mobile agents), fog nodes / gateways (gateways), base stations (BS) / access points (AP) (cellular base stations), MEC servers (edge servers) (edge devices)","sensor data, computation tasks, control/metadata","agent-based / distributed communication, peer-to-peer, multi-hop / cluster-based communication, local processing","CoAP, HTTP, UDP, TCP, Wi-Fi, XBee | 25-1015 B | authentication","access control, authentication | local processing","transmission power, processing energy, node lifetime","MAS, in-network processing, duty cycling, adaptive task migration"
Online optimization of intelligent reflecting surface-aided energy-efficient IoT-edge computing,Zhongyang Wang and Du Xu,2023,ScienceDirect,"IRS-WPT-MEC, Lyapunov optimization, joint energy management","LSDR, Lyapunov optimization, SDR",Energy Harvesting,Energy Harvesting,CPL,ML,"TDMA, generic wireless","Numerical simulation, 3D IoT-edge, 1 AP, 60 IRS, 9 sensors, Gaussian channel","LSDR, Lyapunov + SDR, IRS-WPT optimization, queue stability, long-term energy minimization","O(1/ζ), O(ζ) cost tradeoff, 3.12% lower processing energy, better stability, no sensor battery depletion","Data transmission beamforming ignored.
Suboptimal SDR approximation ratio.
Perfect CSI tracking assumption for IRS","base stations (BS) / access points (AP) (wireless access point), IoT devices (Internet of Things sensors), MEC servers (edge servers) (edge server)","sensor data, computation tasks, channel/state information","device-to-edge offloading, assisted wireless communication, uplink transmission, sequential transmission",TDMA | 0-10 kb | N/A,None | local processing,"computing frequency, transmission power, battery level, energy harvesting","IRS, Lyapunov optimization, WPT control, queue/battery-aware optimization"
An Energy Efficient Smart Metering System Using Edge Computing in LoRa Network.,"Kumari, P., Mishra, R., Gupta, H. P., Dutta, T., & Das, S. K.",2022,IEEE Xplore,Energy-efficient transmission of smart meter energy multivariate time series (EMS).,Energy Efficient Smart Metering (EESM) system using LSTM-based compression and SF selection algorithm,Data Reduction,Data Reduction,DL,ML,LoRa,"Custom dataset, Network Simulator-3","Proposed LSTM-based compression-decompression model.
Developed an optimization model using Semi-smooth Newton method to determine compression size.
Designed an algorithm for selecting LoRa spreading factors (SFs) to reduce energy consumption and delay.",Experimental and prototype results show that the EESM system consumes less energy than existing approaches and increases residual energy of LoRa nodes.,"Neglects the impact of bandwidth and coding rate variations on LoRa.
Security mechanisms not analyzed.","Smart meters.
Raspberry Pi-3 edge devices.
LoRa nodes.
LoRa Gateway.",Energy Multivariate Time Series (EMS).,"Compressed EMS transmitted from LoRa nodes to LoRa Gateway using one-hop connectivity, then forwarded to network server and operator.","Protocol: LoRa
Packet size: Not reported
Encryption: Not reported",Not addressed - identified as future research direction,"Energy during transmit, receive, idle states","LSTM compression reduces EMS size before transmission.
SF selection reduces LoRa transmission energy."
An energy-efficient single-cycle RV32I microprocessor for edge computing applications.,"Shukla, S., Jha, P. K., & Ray, K. C.",2023,ScienceDirect,Design of energy-efficient processor.,Single-Cycle RISC-V RV32I Processor Architecture,Hardware / Architecture Modifications,Hardware / Architecture Modifications,HL,MO,N/A,"Verilog simulation, FPGA prototype (NEXYS DDR4), ASIC synthesis on 180 nm CMOS",Proposes energy-efficient RV32I processor using minimal ISA,RV32I processor consumes the lowest power of 0.29 mW/MHZ.,"The processor supports only the base RV32I instruction set (No extensions like F,D,M).
Evaluation focuses mainly on simple benchmark programs (e.g., Fibonacci) and does not test real IoT workloads.
Communication and networking aspects are not evaluated.","IoT sensor nodes.
Wearable devices.",Sensor monitoring data / computation tasks generated by IoT devices.,Not reported,"Protocol: Not reported
Packet size: Not reported
Encryption: Not reported",Not addressed.,"Power consumption (mW), operating frequency (MHz), power efficiency (mW/MHz), chip area (mm² / μm²)","Removing complex instructions and extensions
Implementing only base RV32I ISA.
Using a single-cycle architecture."
Asymmetrical training scheme of binary-memristor-crossbar-based neural networks for energy-efficient edge-computing nanoscale systems.,"van Pham, K., Tran, S. B., van Nguyen, T., & Min, K. S.",2019,MDPI Digital Library,Energy-efficient training of memristor crossbar NN.,Asymmetrical Training Scheme (Coarse HRS / Fine LRS programming),Data Reduction,Data Reduction,DL,ML,N/A,"MNIST handwritten digit dataset, Verilog-A  CADENCE SPECTRE + MATLAB",Proposes asymmetrical HRS/LRS programming scheme.,"C-F scheme achieves ~ 6.4% error as compared to fine-fine programming (~4.4%) while significantly reducing programming energy and time.
The fine programming requires 2.4x more energy and 10x longer programming time compared with coarse programming.","Lack of physical large-scale crossbar hardware validation.
Evaluation relies mainly on simulation models.
CMOS programming circuit energy not included.
Noise effects and device variations may impact accuracy.",Memristor-based nanoscale edge-computing hardware.,"Unstructured data such as images, voices, anomaly patterns.",Data processed locally at edge devices + data may be forwarded to other edge devices or cloud after processing.,"Protocol: Not reported
Packet size: Not reported
Encryption: Not reported",Not addressed.,"Programming energy (nJ), number of programming pulses, programming time, recognition error, error-energy product metric",Coarse programming of HRS states (fewer pulses) and applying fine programming only to LRS states minimizes total programming energy and training time without significantly degrading accuracy.
Completion Time and Energy Optimization in the UAV-Enabled Mobile-Edge Computing System.,"Zhan, C., Hu, H., Sui, X., Liu, Z., & Niyato, D.  ",2020,IEEE Xplore,UAV-enabled MEC system where IoT devices offload computation tasks to a flying UAV.,Alternating Optimization Algorithm with Successive Convex Approximation (SCA) and Path Discretization of UAV trajectory.,Task Offloading,Task Offloading,CPL,MO,TDMA,Simulation (MATLAB / CVX),"Formulates energy minimization and completion time minimization problems.
Proposes an alternating optimization framework using path discretization and SCA to jointly optimize UAV trajectory, task offloading, and computing resource allocation.
Analyzes trade-off between energy consumption and completion time.",Simulation results show the proposed design significantly improves energy efficiency and mission completion time compared with baseline schemes.,"Single fixed-wing UAV.
Ground-based MEC servers excluded.
Simulation-based validation.
No real hardware evaluation.","IoT ground devices.
UAV.",Computational task input data from IoT applications such as surveillance or monitoring.,IoT devices offload computation tasks to the UAV when it flies close to them using wireless communication links.,"Protocol: TDMA
Packet size: Not reported
Encryption: Not reported",Not addressed.,"UAV propulsion energy, UAV CPU energy, Transmission power of IoT devices.","Energy reduction is achieved by jointly optimizing UAV trajectory, offloading scheduling, and CPU frequency allocation so that devices offload tasks when the UAV is closest, minimizing transmission energy and propulsion cost."
Computation Energy Efficiency Maximization for NOMA-Based and Wireless-Powered Mobile Edge Computing with Backscatter Communication.,"Du, J., Wu, H., Xu, M., & Buyya, R. ",2024,IEEE Xplore,Maximization of CEE in MEC systems.,Dinkelbach-based Backscatter Coefficient Update Algorithms (DBCU-I and DBCU-II) for CEE maximization,Task Offloading,Task Offloading,EL,MO,NOMA,Simulation (MATLAB),"Combines WPT + NOMA + Backscatter communication in MEC.
Formulates CEE maximization as fractional optimization problem.
Proposes two iterative algortihms (DBCU-I, DBCU-II)",Proposed approach improves CEE by ≥10% vs baseline methods.,"No real hardware implementation.
Performance sensitive to backscatter communication environment.""",Mobile Devices (MDs).,Computational task data generated by MDs.,"Partial task offloading via backscatter communication.
Direct transmission to MEC server via NOMA uplink.","Protocol: NOMA
Packet size: Not reported
Encryption: Not reported",Not addressed.,"Energy consumption of MD offloading circuits, MEC server processing energy, transmit power, CPU frequency-dependent computation energy","Devices harvest energy via WPT and offload tasks using backscatter communication.
Joint optimization minimizes energy via time + power + CPU frequency control."
Container-based load balancing for energy efficiency in software-defined edge computing environment.,"Singh, A., Aujla, G. S., & Bali, R. S. ",2021,ScienceDirect,Workload allocation and load balancing in software-defined edge computing using container-based virtualization.,"Container-as-a-service (Caas) based framework.
Multi-leader multi-follower Stackelberg game.
Ensemble container allocation, consolidation and migration scheme.",Task Offloading,Task Offloading,CPL,GT,SDN/OpenFlow,CloudSimSDN simulator.,"Proposed a CaaS framework for software-defined edge computing.
Stackelberg game-based resource allocation.
Ensemble container allocation, consolidation and migration scheme for load balancing","Proposed approach achieves lower CPU serve time, network serve time, overall delay and reduced energy consumption compared to existing approaches","Simulation only.
No real hardware.
Limited tree topology.","Laptops.
Cars.
Mobile phones.",IoT workload requests.,IoT devices send workloads to edge servers via SDN-controlled forwarding devices.,"Protocol: SDN/OpenFlow
Packet size: Not reported
Encryption: Not reported",Not addressed.,"Host energy consumption, switch energy consumption, network energy, migration energy, CPU serve time and network serve time","Container consolidation and migration distribute workload across optimal containers and avoid overloaded nodes.
Stackelberg-based resource allocation assigns resources efficiently"
Device vs Edge Computing for Mobile Services: Delay-Aware Decision Making to Minimize Power Consumption.,"Masoudi, M., & Cavdar, C.",2021,IEEE Xplore,"Task offloading in MEC systems.
Joint optimization of power,channel, and computation decisions.
Delay-aware decision making under QoS contraints.
Multi-cell multi-user network optimization.","J-PAD (Joint Power Allocation and Decision Making) algorithm.
C-PAD (Channel-Power-Decision) distributed algorithm.
",Task Offloading,Task Offloading,CPL,MO,OFDMA,Simulation (MATLAB),J-PAD and C-PAD algorithms,~60% power reduction for large data sizes vs local computing,"Offloading benefit depends on channel conditions.
Simulations only.
Assumes static user distribution.
Simplified delay models.",Mobile users / smartphones.,"Application data streams / computation tasks.
",Data offloading from mobile device to edge/cloud via cellular base station in MEC architecture.,"Protocol: OFDMA cellular network
Packet size: mean bit stream size ~ 2000 bits.
Encryption: Not reported",Not addressed.,"Transmission power, circuit power, total user power consumption.",Joint offloading decision + Channel assignment + Power allocation minimizes total device power
Energy Efficient and Side-Channel Secure Cryptographic Hardware for IoT-Edge Nodes. ,"Singh, A., Chawla, N., Ko, J. H., Kar, M., & Mukhopadhyay, S.  ",2019,IEEE Xplore,Energy-efficient and side-channel-secure lightweight cryptographic hardware design for IoT edge nodes.,Round-Unrolled Datapath Architecture for SIMON128 Lightweight Block Cipher ,Optimization,Security Aware Energy Optimization,SL,MO,N/A,ASIC synthesis (NanGate FreePDK15 15nm library) and FPGA prototype (Xilinx Spartan-6 on Sakura-G board),Design space exploration of SIMON128 hardware architecture and proposes optimized round-unrolled datapath.,"~80× higher energy efficiency vs bit-serial architecture.
~143× performance improvement achieved.","No fabricated chip (synthesis + FPGA only).
Only power-based SCA explored.
SIMON128 only.
No masking or hiding countermeasures evaluated.",Image sensor nodes,Image data,Edge device encrypts data and transmits it to IoT cloud for analysis.,"Protocol: Not reported
Packet size: Not reported
Encryption: SIMON128 lightweight block cipher",Protection against power-based side-channel attacks using architecture design and round unrolling ,"Energy per encryption, power consumption, latency, throughput, area overhead.","Round unrolling reduces energy per encryption (3-round optimal for ASIC: 80×over bitserial, 6-round optimal for FPGA)."
Energy efficient computation offloading mechanism in multi-server mobile edge computing—an integer linear optimization approach.,"Khan, P. W., Abbas, K., Shaiba, H., Muthanna, A., Abuarqoub, A., & Khayyat, M.  ",2020,MDPI Digital Library,"Computation offloading for multi-user multi-server MEC systems.
Integration of EH with MEC.","Integer Linear Programming (ILP)-based dynamic
computation offloading.
Mode switching.",Task Offloading,Task Offloading,CPL,MO,N/A,MATLAB R2019b simulation environment,"ILP-based dynamic computation offloading framework that selects between local execution, offloading execution, and task dropping in multi-user multi-server MEC systems with energy harvesting devices.","Stabel battery energy levels (~0.0017-0.0021J).
Energy ratio decreases from ~0.979% to ~0.87%","No task buffer.
Small device/server scale only.
Resource limitations of MEC servers not considered.
Single-hop wireless model.","Mobile Devices (MDs).
MEC servers.",Computational task data generated by MDs.,Wireless transmission from mobile devices to MEC servers for computation offloading,"Protocol: Not reported
Packet size: Not reported
Encryption: Not reported",Not addressed,"Transmission power, noise, CPU frequency and computation cycles","ILP minimizes cost (computation time, transmission delay).
Optimal selection of execution mode (local/offload/drop).
Adaptive channelization and server selection reduce transmission energy."
Energy Efficient Distributed Processing for IoT. ,"Yosuf, B. A., Musa, M., Elgorashi, T., & Elmirghani, J.",2020,IEEE Xplore,"Energy-efficient service placements in IoT-fog-cloud architectures using optimization models.
Minimizing combined networking + processing power consumption.","MILP.
EEDP greedy heuristic.",Task Offloading,Task Offloading,CPL,MO,PON,---,"MILP framework.
Energy Efficient Distributed Processing (EEDP) heuristic","~86% power savings with task splitting.
~46% savings when tasks are not splittable.
Fog processing gives up to 30% savings vs cloud","No latency in objective function.
CPU efficinecy modeled as MIPS (architecture-agnostic).
No stochastic/dynamic workloads.","Generic IoT devices and fog servers (access fog, metro fog, cloud servers).",IoT service requests (processing workloads).,IoT devices send data to AP → fog layers → cloud via PON-based network architecture.,"Protocol: PON
Packet size: Not reported
Encryption: Not reported",Not addressed,"Idle power, maximum power, energy per bit of network interfaces, energy per instruction of processors, traffic demand (Mbps), CPU demand (MIPS).","Optimal placement of services across IoT, fog, cloud (MILP).
Task splitting distributes load to low-power nodes and reduces network transmission energy.
Heuristic selects minimum-power configuration (EEDP)"
Energy Efficient Task Caching and Offloading for Mobile Edge Computing. ,"Hao, Y., Chen, M., Hu, L., Hossain, M. S., & Ghoneim, A. ",2018,IEEE Xplore,Task caching and computation offloading in MEC.,Task Caching and Offloading (TCO) algorithm.,Task Offloading,Task Offloading,CPL,HM,N/A,MATLAB simulation environment,TCO algorithm using alternating optimization (convex optimization + 0-1 programming).,TCO has lower energy cost compared to other strategies.,"Simulation only.
Single edge cloud only.
Downlink delay or packet loss neglected.
Static wireless channel.","Mobile devices(smartphones), wearable devices.","Computation-intensive task data (VR rendering, object recognition, tracking tasks).",Tasks are offloaded from mobile devices to edge cloud via wireless uplink channel,"Protocol: Wireless channel assumed (specific protocol not specified).
Packet size: Not reported
Encryption: Not reported",Not addressed,"Transmission power, Data size, CPU cycles per bit, Local CPU frequency, Channel bandwidth, gain, noise.",Joint optimization of task caching and computation offloading.
Energy-Aware Offloading and Power Optimization in Full-Duplex Mobile Edge Computing-Enabled Cellular IoT Networks.,"Cheng, Y., Zhao, H., & Xia, W. ",2022,IEEE Xplore,Task offloading and transmission power optimization.,Energy-Aware Offloading and Power Optimization Algorithm based on MINLP,Task Offloading,Task Offloading,CPL,MO,N/A,MATLAB - based simulation,"MINLP problem.
Knapsack-based method for resource allocation.
FD backhaul.","Reduces total energy consumption vs baselines.
Outperforms half-duplex communication schemes.
Improves offloading efficiency using FD backhaul. ","Simulation-based validation.
Greedy in P3/P4 causes accuracy loss vs optimal (coupling case).
Single MEC server at MBS.
Single antenna.
No user mobility.",IoT nodes.,Computation-intensive task data.,"IoT nodes transmit to SBS via uplink.
SBS forwards to MBS/MEC server via
full-duplex wireless backhaul.","Protocol: cellular IoT (unspecified standard).
Packet size: Not reported
Encryption: Not reported",Not addressed,"Transmission power, Local computation energy, Transmission energy. ","Joint optimization of IoT transmit power, SBS association, time slot, MEC resource allocation."
Energy-Efficient Cooperative Communication and Computation for Wireless Powered Mobile-Edge Computing.,"Mao, S., Wu, J., Liu, L., Lan, D., & Taherkordi, A. ",2022,IEEE Xplore,Wireless powered MEC,"Harvest-and-Offload Protocol.
SDR.",Task Offloading,Task Offloading,EL,MO,TDMA,Simulation (MATLAB/CVX),"Fog model for sharing resources.
Harvest-and-offload protocol.
SDR and Lagrangian methods","Achieves lowest energy consumption vs baselines.
Dynamic CPU frequency further improves energy efficiency.","Perfect CSI assumed.
Result download time neglected.
Simulation only.","IoT devices (source nodes, helper nodes).
HAP with MEC server",Data gathered by IoT devices.,Multi-hop cooperative offloading: source → helper → HAP + local computation.,"Protocol: TDMA.
Packet size: Not reported
Encryption: Not reported",Not addressed,"Transmission power,harvested energy, CPU energy, energy per bit.","Joint optimization of energy beamforming, time-slot assignment, computation task allocation and CPU frequency (DVFS)."
Energy-Efficient Fair Cooperation Fog Computing in Mobile Edge Networks for Smart City.,"Dong, Y., Guo, S., Liu, J., & Yang, Y. ",2019,IEEE Xplore,Energy comsumption and QoE in cooperative fog computing.,Fairness Cooperation Algorithm (FCA).,Task Offloading,Task Offloading,CML,HM,N/A,---,"Joint optimization of energy and QoE with fairness weights.
Cooperative workload forwarding among fog nodes.
FCA.",FCA reduces energy consumption by 11.7% and time cost by 10.4% vs baseline,"Fog topology assumed stable within period.
Transferring between devices and FNs ignored.
No explicit energy harvesting.
Cloud offload not modeled in energy objective.","Smartphones, wearables, vehicles, fog nodes.",Computing workloads,Offloading to fog nodes + forwarding between fog nodes + cloud fallback,"Protocol: Not reported
Packet size: Not reported
Encryption: Not reported",Not addressed,"Transmission power, execution power, energy per task","Cooperative workload forwarding reduces overload.
Convex optimization minimizes joint energy + delay.
Fairness weighting balances resource usage."
Energy-Efficient Heuristic Computation Offloading With Delay Constraints in Mobile Edge Computing.,"Mei, J., Tong, Z., Li, K., Zhang, L., & Li, K. ",2023,IEEE Xplore,Energy minimization in multi-device MEC systems.,Iterative heuristic + two-stage optimization,Task Offloading,Task Offloading,CPL,HM,TDMA,MATLAB simulation environment,"Heuristic algorithm that jointly optimizes task offloading ratio, channel allocation, and MEC resource allocation.
Two-stage method (convex full-offloading + iterative partial offloading).",Achieves up to 14.20% energy reduction vs baseline schemes,"Simulation based validation.
No mutli-hop offloading.
Single MEC server.
No inter-cell interference.
Static channel model. ","Mobile devices (MDs), IoT devices, sensors, wearable devices",Computation task data,Wireless uplink via TDMA to MEC server (time-slot based transmission),"Protocol: TDMA.
Packet size: Not reported
Encryption: Not reported",Not addressed,"Transmission power, computation power, execution time","Joint optimization of offloading ratio, bandwidth allocation, MEC CPU allocation +
Heuristic selection of task + partial offloading + binary search based optimal resource allocation."
Energy-Efficient Resource Allocation for Mobile Edge Computing-Based Augmented Reality Applications.,"Al-Shuwaili, A., & Simeone, O.",2017,IEEE Xplore,"Minimization of mobile energy consumption in MEC-based AR.
Joint optimization of communication and computation resources.",Successive Convex Approximation (SCA),Task Offloading,Task Offloading,CPL,MO,"TDD, OFDMA",MATLAB-based simulation,SCA-based optimization for joint communication-computation resource allocation.,"Achieves ~63% energy reduction vs separate offloading.
Shared uplink alone ~50%, shared computation/downlink ~37%.","Simulation based validation.
Assumes perfect CSI.
No optimization of bandwidth allocation.",Mobile devices / smartphones,Video frames / AR visual data,Uplink offloading + cloudlet processing + multicast/unicast downlink,"Protocol: TDD(cellular)/OFDMA.
Packet size: ≈ 1 Mbit input/output.
Encryption: Not reported","Not addressed, identified as a gap","Transmission power, energy per bit, total mobile energy","Joint optimization of uplink transmit power, shared input-bit allocation, cloudlet CPU fractions, downlink power."
Energy-efficient trajectory planning for a multi-UAV-assisted mobile edge computing system.,"Huang, P. qiu, Wang, Y., & Wang, K. zhi. ",2020,SpringerLink,"Multi-UAV-assisted mobile edge computing.
Minimize total energy consumption of UAVs + IoT devices.
Trajectory planning considering SP deployment, association, and order.","Trajectory Planning Algorithm (TPA).
Differential Evolution with variable population.
K-means clustering for UAV-SP association.
Greedy method for trajectory ordering.",Task Offloading,Task Offloading,CPL,HM,N/A,MATLAB simulation with synthetic IoT instances,"Three-phase TPA integrating SP deployment, UAV-SP association, and trajectory ordering.
Variable population DE for unknown SP number.
combines clustering and greedy routing","Lower energy than baselines across all instances.
Achieves 100% feasibility rate.","K-means requires preset number of UAVs.
No variable UAV count.
Simulation only.
Computation energy of UAVs neglected.","Rotary-wing UAVs.
IoT devices.",Task input data + computation workload,IoT devices offload tasks to nearest UAV stop point.,"Protocol: Not reported
Packet size: Not reported
Encryption: Not reported",Not addressed,"Transmission energy, hovering energy, flight energy.","Optimize UAV trajectories to reduce flight distance.
Assign IoT devices to nearest SP.
Cluster nearby SPs to same UAV.
Greedy shortest-path ordering reduces travel distance."
Energy-Efficient UAV-Aided Target Tracking Systems Based on Edge Computing.,"Deng, X., Li, J., Guan, P., & Zhang, L.",2022,IEEE Xplore,UAV target tracking using edge computing offloading.,Energy-Efficient UAV Task Distribution (EUTD) Algorithm.,Task Offloading,Task Offloading,CPL,HM,WiFi or 5G,MATLAB-based simulation,EUTD algorithm for dynamic offloading in mobile UAV scenarios,"Lower energy cost than benchmark methods.
Stable delay (~0.5 s vs >1 s baseline).
","Simulation only.
UAV movement energy not modeled.
Straight-line trajectory assumed (not optimized).
Single UAV.
LoS channel only.
No multi-hop EN cooperation.",UAV + ground edge nodes (ENs).,High-resolution video data for target tracking.,UAV offloads video to EN via wireless link,"Protocol: WiFi or 5G.
Packet size = Video size.
Encryption: Not reported",Not addressed,"Transmission energy, transmit power, execution time",Adaptive transmit power + dynamic EN selection based on distance and processing capability + offloading to edge instead of local/cloud processing
Energy-Efficient UAV-Mounted RIS Assisted Mobile Edge Computing.,"Zhai, Z., Dai, X., Duo, B., Wang, X., & Yuan, X. ",2022,IEEE Xplore,UAV-mounted RIS-assisted MEC system,Successive Convex Approximation (SCA) and Dinkelbach method.,Task Offloading,Task Offloading,CPL,MO,TDMA,Simulation (CVX/MATLAB),"U-RIS assisted MEC system integrating UAV and RIS.
SCA + Dinkelbach algorithm",Significant improvement in system energy efficiency compared to baseline methods.,"Fixed flight altitude only.
RIS tethered to ground station.
Simulation only.
No multi-RIS extension.
LoS-only channel model.","Ground users (mobile devices), MEC server, UAV-mounted RIS",Computation tasks.,UAV-assisted RIS-reflected offloading to MEC server,"Protocol: TDMA
Packet size: Not reported
Encryption: Not reported",Not addressed,"UAV propulsion energy, transmission power, CPU energy","Joint optimization of UAV trajectory, RIS passive beaforming, user scheduling, partial task offloading bits and MEC server CPU allocation."
Energy-efficient user selection and resource allocation in mobile edge computing.,"Feng, H., Guo, S., Zhu, A., Wang, Q., & Liu, D. ",2020,ScienceDirect,User selection and transmission power in multi-user multi-MEC systems.,Joint User Selection and Resource Allocation Algorithm (JUSRA),Task Offloading,Task Offloading,CPL,MO,N/A,---,Joint User Selection and Resource Allocation Algorithm (JUSRA) using fractional programming + convex optimization (relaxation + Dinkelbach method),Achieves higher energy efficiency than nearest and random selection schemes.,"Binary offloading only.
No task splitting.
No user mobility.
EEM baseline uses fixed user count.
Single-hop model.",Mobile users (IoT devices) and MEC servers,Computation tasks / offloading data.,Uplink transmission from users to selected edge cloud (multi-user wireless links),"Protocol: Not specified
Packet size: Not reported
Encryption: Not reported",Not addressed,"Transmission power, circuit power, total energy consumption, energy efficiency ratio","Optimal user-edge selection + power allocation.
convex optimization minimizes energy per throughput.
interference-aware SINR optimization."
ENZYME: An energy-efficient transient computing paradigm for ultralow self-powered IoT edge devices.,"Pan, C., Xie, M., & Hu, J. ",2018,IEEE Xplore,Improving energy efficiency of energy-harvesting IoT edge devices under ultralow and intermittent power conditions using software-level optimization,ENZYME,Hardware / Architecture Modifications,Hardware / Architecture Modifications,HL,MO,N/A,MSP430 benchmarks + RF energy traces + real hardware (MSP430FR6989),ENZYME (Routine Handler + Frequency Modulator for transient computing optimization),"ENZYME achieves > 8.8% energy
efficiency over baseline techniques with Routine Handler,
and 35.71% extra energy utility with FM upon applying Routine
Handler.","No network layer evaluation.
Offline profiling required.
Hardware specific.
No multi-task concurrency.
ADC-based voltage monitoring overhead",MSP430FR6989-based sensor node.,"Sensor/ADC data, computation tasks",Not explicitly addressed,"Protocol: Not specified
Packet size: Not reported
Encryption: Not reported",Not addressed,"Harvested energy, execution energy, hardware overhead, software overhead, capacitor voltage, execution speed","Routine Handler optimizes sleep/wakeup/checkpoint cycles.
Frequency Modulator selects optimal per-task CPU frequency to maximize energy utility"
UAV-assisted cooperative offloading energy efficiency system for mobile edge computing.,"Yu, X. Y., Niu, W. J., Zhu, Y., & Zhu, H. B. ",2024,ScienceDirect,multi-UAV assisted MEC system,Block Coordinate Descent (BCD)-based iterative optimization algorithm,Task Offloading,Task Offloading,CPL,MO,TDMA,MATLAB R2019a simulation,multi-UAV cooperative offloading framework using BCD,Energy consumption reduced significantly vs benchmarks,"No real-world validation.
Assumes perfect LoS channel.
Ignores privacy/security.
Small-scale simulation (3 UAVs, 3 UEs).","UAV, ground user equipment (UE)",Computation tasks,Uplink offloading from UE to UAV via wireless links + multi-UAV parallel offloading,"Protocol: TDMA
Packet size: Not reported
Encryption: Not reported",Not addressed,"UE energy, communication energy, local computing energy, UAV propulsion energy","Task partitioning (local vs offloaded), UAV trajectory (distance reduction), and multi-UAV matching to minimize transmission and computation energy"
EdgeWise: Energy-efficient CNN Computation on Edge Devices under Stochastic Communication Delays,"Mehdi Ghasemi,Daler Rakhmatov,Carole Jean Wu,Sarma Vrudhula",2022,ACM Digital Library,Energy-efficient execution of CNN inference on IoT edge devices through collaborative computation with a nearby accelerator under stochastic wireless communication delays.,EdgeWise MDP-based CNN Offloading,Data Reduction,Data Reduction,CPL,RL,Wifi,"MNIST, ImageNet, CNN benchmarks (LeNet, AlexNet, MobileNet, ResNet18) / Rasberry Pie 3, NVIDIA Jetson TX2","The MDP-based framework is used for dynamically assigning CNN layers between an energy-constrained IoT device and a nearby accelerator to minimize energy consumption while accounting for stochastic communication delays. It also introduces conservative, optimistic, and selective data transfer schemes to handle wireless link instability.",The experiment done using Rasberry Pie 3 and Jetson TX2 have reduced approximatly 31% of energy compared to local execution 23% campared to full offloading. 41% and 23% of energy consumption is reduced when more detailed network delay models LeNet and MobileNet are used respectively.,Tested only using two devices,Raspberry Pi 3 Model B (IoT device); NVIDIA Jetson TX2 (edge accelerator),Image frames for CNN inference (object recognition tasks),Wireless offloading of CNN layer input data from IoT device to nearby accelerator with results returned after computation.,Wifi,NA,"Computation energy, communication energy, execution delay, wireless communication delay (RTT), and device power consumption",CNN layer partitioning between an IoT device and a nearby accelerator using MDP-based scheduling and dynamic programming to minimize computation and communication energy.
Energy-Efficient Edge-Fog-Cloud Architecture for IoT-Based Smart Agriculture Environment,"Hatem A. Alharbi,Mohammad Aldossary",2021,IEEE Xplore,"Energy-efficient architecture for IoT-based smart agriculture using integrated edge-fog-cloud computing layers to reduce energy consumption, network traffic, and carbon emissions",Energy-Efficient Edge-Fog-Cloud Architecture with MILP optimization,Optimization,Communication Protocol Optimization,CPL,MO,LoRa,"MILP optimization evaluated with CPLEX solver on AT&T WAN topology. Experiments executed on a laptop (Intel Core i7-7660U CPU, 16 GB RAM)",The new integrated edge-fog-cloud architecture that optimizes offloading of IoT agriculture applications using a MILP optimization model and a heuristic algorithm (EEAIOT-EFC) to minimize power consumption and network traffic," IoT smart agriculture, edge-fog-cloud architecture",Fixed Network topology,NA,"36% total energy reduction, 43% carbon emissions reduction, 86% WAN traffic reduction","LoRa, LPWA, hierarchical edge-fog-cloud communication, device-to-gateway offloading",LoRa,NA,"processing power consumption, networking traffic power, power usage effectiveness, IoT sensor power, router port power",hierarchical task offloading
Advanced Energy-Efficient Computation Offloading Using Deep Reinforcement Learning in MTC Edge Computing,"Israr Khan,Xiaofeng Tao,G. M. Shafiqur Rahman,Waheed Ur Rehman,Tabinda Salam",2020,IEEE Xplore,Energy-efficient computation offloading in MTC edge–cloud systems using DRL under delay constraints,DRL-based computation offloading (edge–cloud mode selection),Task Offloading,Task Offloading,CPL,RL,NA,Python 3.6 + TensorFlow 1.14,"DRL-based computation offloading with delay-aware task classification and MDP formulation to minimize long-term energy consumption, achieving improved performance over baseline methods","DRL achieves ~12% higher performance than fixed allocation, outperforms Q-learning in cumulative reward and energy efficiency, and minimizes power consumption through optimized offloading decisions",NA,Machine Type Communication Devices (MTCDs); MTC edge server; eNB(base station),Computation tasks generated by MTCDs (compute-intensive workloads),"MTCDs communicate with eNB and upload tasks, which are then processed at the MTC edge server or forwarded to the cloud server",NA,NA,"Transmission power (Pv, Pj); transmission rate (Rv,j); computing resources (Nj,v, NM,v); total energy (upload + edge + cloud processing)",DRL-based computation offloading (edge–cloud mode selection)
Energy-efficient and delay-guaranteed workload allocation in iot-edge-cloud computing systems,"Mian Guo,Lei Li,Quansheng Guan",2019,IEEE Xplore,Energy-efficient and delay-guaranteed workload allocation in IoT–edge–cloud systems,Delay-Based Workload Allocation (DBWA) using Lyapunov drift-plus-penalty,Optimization,Routing Optimization,CML,ML,NA,Matlab + C++ discrete-event simulation,1. Formulation of delay-based workload allocation problem 2. DBWA algorithm using Lyapunov drift-plus-penalty 3. Theoretical + simulation validation,DBWA improves energy efficiency and reduces delay; achieves near-optimal energy (O(1/V)) and guarantees delay,no real-world deployment or large-scale experimental validation.,"Base stations, access points, edge routers (with computing/storage capabilities)","Computation jobs generated stochastically, Job size in bits, CPU cycles derived from job size","Via transmission paths Edge to neighbor edge, Edge to cloud using bandwidth bw(i,j)",NA,NA,"Edge: quadratic function of workload PwiF(t)Pw_i^F(t)PwiF​(t), Cloud: linear model with CPU frequency, Transmission energy proportional to workload","Workload allocation among local edge server, neighbor edge servers, and cloud, Joint optimization of computation energy and transmission energy"
Mobile Edge Computing-Enabled Internet of Vehicles: Toward Energy-Efficient Scheduling,"Zhaolong Ning,Jun Huang,Xiaojie Wang,Joel J.P.C. Rodrigues,Lei Guo",2019,IEEE Xplore,The paper focuses on designing an energy-efficient task scheduling framework for MEC-enabled IoV systems to minimize RSU energy consumption while satisfying latency constraints.,MEC-enabled Energy-Efficient Scheduling (MEES) Heuristic Algorithm,Optimization,Routing Optimization,CPL,HM,802.11p,"Monte Carlo Simulation,Real taxi trajectory dataset","Formulation of energy-efficient scheduling problem, proposal of MEES algorithm with joint delay–energy optimization, and validation through performance evaluation with identified challenges.","MEES reduces energy consumption and task blocking while maintaining latency constraints, achieving better performance than ATAA and GMCF through efficient multi-RSU task scheduling.","Heuristic solution used due to high optimization complexity, Evaluation performed only through simulation",RSUs with MEC servers,"real-world taxi traces (location, speed, time) and simulation-generated traffic and task data for evaluation","Wireless (vehicle–RSU) and wired (RSU–RSU, multi-hop) communication.",802.11p,NA,"ask processing energy, RSU-to-RSU transmission energy (distance & hops), and RSU-to-vehicle downlink energy (distance-based).","Downlink energy consumption optimization of RSUs,Downlink energy consumption optimization of RSUs"
Energy-Efficiency Optimization of Active Flying-RIS-Assisted Mobile-Edge Computing Networks: A Deep-Reinforcement-Learning Approach,"Wei Chen,Yulong Zou,Jia Zhu,Liangsen Zhai",2025,IEEE Xplore,Focuses on optimizing energy efficiency in FRIS-assisted MEC IoT systems using DRL-based joint optimization.,PPO-based DRL (PPO-RATDFRO),Task Offloading,Task Offloading,CPL,RL,Time division multiple access (TDMA),Simulation in urban IoT MEC network with UAV-mounted active RIS,"FRIS-assisted MEC design, joint EE optimization formulation, PPO-based DRL algorithm (PPO-RATDFRO), and simulation-based validation.","PPO-RATDFRO improves energy efficiency, achieves faster stable convergence, and outperforms benchmark algorithms through effective joint optimization of trajectory, resources, and RIS.",High computational complexity and DRL training overhead,"IoTDs, BS with MEC server, and UAV-mounted active RIS (FRIS).","Channel state data, computation/task data, and system state data (energy, workload, and location).",Wireless IoTD FRIS BS communication with RIS reflection amplification and TDMA based task offloading,Time division multiple access (TDMA),NA,"Task offloading energy, local computation energy, IoTD transmit power, FRIS amplification power, and circuit power consumption.","Joint optimization of UAV trajectory, RIS reflection matrix, MEC resource allocation, and task offloading using DRL"
A Storage Optimization and Energy-Efficiency-Based Edge-Enabled Companion-Side eHealth Monitoring System for IoT-Based Smart Hospitals,"Niayesh Gharaei,Yasser D. Al-Otaibi,Sharaf Jameel Malebary,Alaa Omran Almagrabi",2024,IEEE Xplore,Edge-enabled eHealth monitoring system with storage optimization and energy efficiency in IoT-based smart hospitals,MISO-HE-A and MPC-A algorithms,Data Reduction,Data Reduction,EL,MO,NA,10–50 patients with COVID-19/MATLAB/Simulink,"Companion-side eHealth system, MISO-HEN for storage optimization, reduced cloud writes, WMC-based energy optimization","Improves cloud storage (99%), edge storage (83%), delay (23%), and energy efficiency (10%)",Does not address security threats or distributed network attacks,Edge-enabled MISO Health Evaluator Nodes (HENs),"Medical sensor data (vital signs: temperature, heart rate, BP, oxygen, ECG, etc.)","Biosensors to HEN using RF communication, HEN to cloud for data transmission, WMC to HEN using wireless energy transfer",NA,NA,"Energy of biosensors, HEN energy, WMC charging energy, transmission energy",Wireless Mobile Charger (WMC) optimization + edge processing
Energy-Aware Mobile Edge Computation Offloading for IoT Over Heterogenous Networks,"Shilin Li,Yunzheng Tao,Xiaoqi Qin,Long Liu,Zhi Zhang,Ping Zhang",2019,IEEE Xplore,Energy-efficient computation offloading management in MEC-enabled IoT with heterogeneous edge servers,Iterative MEC offloading + power allocation framework,Task Offloading,Task Offloading,CPL,MO,Orthogonal Frequency-Division Multiple Access (OFDMA),"Simulation with heterogeneous MEC system (AP + BS edge servers), NB-IoT bandwidth (100 kHz), varying device numbers and input data sizes","EM problem formulation, MINLP decomposition (TPA + COD), iterative algorithm (IA + DRA + DSPEA), energy-performance analysis","Near-optimal performance, distributed MEC better than centralized, energy depends on resource distribution, algorithm converges quickly",Assumes devices have no local computing capability and simplifies channel assignment; only CPU resources considered,"Access Point (AP), Base Station (BS) with MEC servers","Simulation-based data (input data size, channel state, power, latency, device parameters)","Device to AP/BS via wireless (OFDMA), offloading to edge servers",Orthogonal Frequency-Division Multiple Access (OFDMA),NA,"Transmission power, offloading time, computation time, channel gain, data size","Minimization of total device energy consumption,Joint optimization of transmission power allocation and computation offloading."
Energy-aware Mobile Edge Computing and Routing for Low-latency Visual Data Processing,"Huy Trinh,Prasad Calyam,Dmitrii Chemodanov,Shizeng Yao,Qing Lei,Fan Gao,Kannappan Palaniappan",2018,IEEE Xplore,Energy-aware MEC-based offloading and policy-based edge routing for low-latency visual data processing in IoT,Energy-aware computation offloading and routing based on residual energy and latency,Optimization,Routing Optimization,CML,HM,"UDP/TCP, MANET",GENI Cloud testbed + NS-3 simulation,"Offloading decision algorithm, SPIDER ML-based routing, energy–latency tradeoff analysis, thin/thick client support, and real testbed + simulation validation.","MEC enables energy–latency trade-offs, routing outperforms existing solutions, and edge offloading is suboptimal for thick clients under high workloads","Lack of load balancing and parallel processing support in MEC routing, limited interference management in MANET networks, and potential packet loss under high network activity , Greedy routing approach (no guarantee of global optimal solution)","Security cameras, smartphones, and smart glass.",Visual data including high-resolution images and video clips.,Wireless network with upload of images and download of processed results.,"UDP/TCP, MANET",NA,"Energy consumption based on data processing, data transfer, compression operations, and measured in Joules.",Energy-aware computation offloading and routing based on residual energy and latency
Energy-Efficient Resource Management for Multi-UAV-Enabled Mobile Edge Computing,"Yu Zhang,Yuanxiong Guo",2024,IEEE Xplore,"Energy-efficient resource management in multi-UAV-enabled MEC with joint optimization of offloading, resources, and UAV positions.",SCA-based joint optimization,Task Offloading,Task Offloading,CPL,MO,FDMA(Frequency Division Multiple Access),MATLAB R2020a with CVX,"Multi-UAV MEC architecture, min-max energy optimization problem, SCA-based solution, and simulation validation.","Proposed scheme improves energy efficiency, achieves min-max fairness, and outperforms baselines in energy consumption.",Sub-optimal solution due to convex approximation,"IoT devices, UAVs, and ground edge clouds (ECs)","Task data including size, CPU cycles, and arrival rate.",M2U uplink and U2E downlink communication.,FDMA(Frequency Division Multiple Access),NA,"Computation energy, uplink communication energy, and downlink transmission energy.","Joint optimization of offloading, resource allocation, UAV placement"
Energy-efficient multi-UAV-enabled multiaccess edge computing incorporating NOMA,"Xiaochen Zhang,Jiao Zhang,Jun Xiong,Li Zhou,Jibo Wei",2020,IEEE Xplore,Energy-efficient multi-UAV-enabled MEC with NOMA for task offloading optimization,Joint resource allocation and UAV trajectory optimization,Task Offloading,Task Offloading,CPL,MO,NOMA (Non-Orthogonal Multiple Access) with FDMA,UAV-enabled MEC network with 8 SMD users and 2 UAV MEC servers,Joint optimization of radio/computation resources and UAV trajectories using SCA and quadratic approximation in a nonconvex MEC system,Proposed NOMA-UAV MEC reduces weighted energy consumption (~17–20%) and improves efficiency over OMA with iterative convergence,High computational complexity of the iterative optimization algorithm for large-scale networks.,Terrestrial smart mobile devices (SMDs) and UAV-mounted MEC servers,Computation task bits (Di) with processing requirements (CPU cycles per bit),"Uplink NOMA with superposition coding and SIC, FDMA across UAVs, wireless ATG channels",NOMA (Non-Orthogonal Multiple Access) with FDMA,NA,"Local computing energy, edge computing energy, transmission/offloading power, and UAV flight energy weighted by ωuser, ωuav, γ",Joint optimization of radio/computation resources and UAV trajectories using SCA-based convex optimization to minimize weighted energy consumption.
Energy Efficient Edge Computing Enabled by Satisfaction Games and Approximate Computing,"Nafis Irtija,Iraklis Anagnostopoulos,Georgios Zervakis,Eirini Eleni Tsiropoulou,Hussam Amrouch,Jörg Henkel",2021,IEEE Xplore,energy efficient edge computing solution using MEC + FAAS + approximate computing with satisfaction games,Satisfaction Games + Reinforcement Learning + Task Offloading,Task Offloading,Task Offloading,CPL,GT,Non-Orthogonal Multiple Access (NOMA),ImageNet DataSet,HADA-based approximate computing + satisfaction game for offloading + RL-based FAAS trajectory + QoS-aware optimization,~40% more satisfied IoT users with ≤1% accuracy drop and improved energy/latency efficiency,NA,"IoT nodes, MEC server at MBS, FAAS (UAV-like aerial edge server with HADA)","DNN-based tasks defined as {B(t)ua (data frames), φ(t)ua (CPU cycles)}","uplink NOMA with SIC, wireless transmission using channel gain and interference modeling",Non-Orthogonal Multiple Access (NOMA),NA,"transmission energy, local computation energy, edge processing energy, and FAAS flight + processing energy",Approximate Computing with Heterogeneous Approximate DNN Accelerator (HADA)
Intelligent workload allocation in IoT–Fog–cloud architecture towards mobile edge computing,"M. Abbasi,E. Mohammadi-Pasand,M. R. Khosravi",2021,ScienceDirect,energy-efficient workload allocation in IoT–Fog–cloud edge computing,Green energy powered fog devices + optimized workload allocation,Task Offloading,Task Offloading,EL,HM,NA,MATLAB simulation,green energy-based energy model improvement + NSGA-II multi-objective GA for workload allocation + joint delay–energy optimization,simultaneous reduction of delay and power consumption; improved performance over FEMTO baseline,High computational complexity O(2GN2)O(2GN²)O(2GN2) and simulation-based evaluation,terminal nodes (IoT devices) and fog devices at network edge,computation task data size (in bits) representing workload split between local (lt) and offloaded (li) processing,"wireless transmission from terminal node to fog devices using bandwidth, spectral efficiency, interference and channel modeling",NA,NA,"local computation energy (terminal), transmission energy, fog processing energy, total energy model",Green energy powered fog devices + optimized workload allocation
Energy efficient for UAV-enabled mobile edge computing networks: Intelligent task prediction and offloading,"Gaoxiang Wu, Yiming Miao, Yu Zhang, Ahmed Barnawi",2020,ScienceDirect,energy efficiency optimization in UAV-enabled MEC using three-layer task offloading with UAV position optimization and LSTM-based task prediction,UAV energy efficiency optimization via task offloading,Task Offloading,Task Offloading,CPL,MO,NA,Simulation with 100 IoT device coordinates,UAV-enabled MEC architecture (3-layer) + LSTM-based task prediction + UAV position optimization + energy-efficient task offloading strategy,effectively reduce the energy consumption of the UAV” + dynamic offloading improves performance under delay/data constraints,Limited UAV battery capacity and computing resources,UAV,"text, audio, video and stream media data” + task data size S=qmS = qmS=qm","wireless transmission from IoT devices to UAV and from UAV to MEC server using uplink rates, bandwidth, and transmission power",NA,NA,"UAV mechanical energy (flight), transmission energy (IoT–UAV, UAV–server), computation energy at UAV",UAV energy efficiency optimization via task offloading
Hybrid energy-efficient algorithm for efficient Internet of Things deployment,"Abdul Razaque, Yaser Jararweh, Bandar Alotaibi, Munif Alotaibi, Muder Almiani",2022,ScienceDirect,"IoT mobile cloud computing, fog-based cloud architecture",Hybrid optimization using PT + CS for job scheduling and optimal path search,Optimization,Routing Optimization,CML,HM,NA,CloudSim Simulator (Java implementation," HEE algorithm, PT and CS integration, dual authentication modules, energy minimization","748.5 J energy consumption over 72h, 0.23%–24.2% energy reduction, 0.164 s lower latency, reduced malicious attacks",Throughput slightly affected by smaller packet sizes," IoT devices, smartphones, fog servers,","IoT data, computation tasks, data packets, user credentials, mined data samples","wireless communication, device-to-cloud communication, PT-CS optimal path routing",NA,"blockchain authentication, data mining authentication | MCU identity preservation, secure data transmission","PM power consumption, CPU utilization, main memory utilization, server processing power",Hybrid optimization using PT + CS for job scheduling and optimal path selection
Energy-efficient online resource management and allocation optimization in multi-user multi-task mobile-edge computing systems with hybrid energy harvesting,"Heng Zhang, Zhigang Chen, Jia Wu, Yiqing Deng, Yutong Xiao, Kanghuai Liu, Mingxuan Li",2018,MDPI Digital Library,"multi-user multi-task MEC, hybrid energy harvesting",Lyapunov optimization + convex optimization,Task Offloading,Task Offloading,CPL,ML,NA,MATLAB simulation with Rayleigh fading channel model,"ECM-RMA algorithm, Lyapunov optimization, joint resource management and allocation, energy consumption minimization","[O(1/V), O(V)] energy consumption-delay trade-off, time-averaged energy consumption reduction, stable data and energy queues",Queue length increases with tasks/devices; unstable green energy,"wireless devices, IoT sensors, access points, MEC servers","computation tasks, channel state information, remaining battery power","uplink wireless communication, device-to-edge offloading",NA,None | N/A,"uplink transmission power, local CPU energy consumption, data offloaded energy consumption, battery capacity, harvested energy",Lyapunov optimization + convex optimization
Mobile edge computing empowered energy efficient task offloading in 5G,"Lichao Yang, Heli Zhang, Ming Li, Jun Guo, Hong Ji",2018,IEEE Xplore,"5G MEC, small-cell computation offloading",AFSA-based computation offloading optimization,Task Offloading,Task Offloading,CPL,HM,CDMA,MATLAB,"AFSA-based scheme, joint fronthaul-backhaul scheduling, energy minimization","10% energy saving with microcell backhaul, convergence within 25 iterations, lower computational complexity",NA,"user equipments, femto relay base stations, micro base stations, MEC servers",computation tasks,"fronthaul communication, backhaul communication, two-tier hierarchical communication",CDMA,None | N/A," transmission power, CPU cycle energy cost, task transmission energy, overall system energy cost",Energy minimization via joint optimization of task transmission and computation.
Energy-Efficient Federated Learning With Resource Allocation for Green IoT Edge Intelligence in B5G,"Adeb Salh, Razali Ngah, Lukman Audah, Kwang Soon Kim, Qazwan Abdullah, Yahya M. Al-Moliki, Khaled A. Aljaloud, Hairul Nizam Talib",2023,IEEE Xplore,"B5G IoT edge intelligence, federated learning","Joint optimization of CPU frequency, transmission power, bandwidth allocation, and learning accuracy",Task Offloading,Task Offloading,CPL,MO,NA,"IoT network simulation (1000m×1000m area, 5-10Kb data, 100-800 samples)","Alternative Direction Algorithm (ADA), joint resource allocation, CPU and transmission power optimization","21 to 38 J energy consumption, reduced completion time, training loss reduced to 1",Slight increase in FL training time,"IoT devices, edge nodes, IoT gateways, global aggregators","local training data, model parameters, gradient update","wireless transmission, device-to-edge communication, federated learning updates",NA,"None | local federated learning, data privacy preservation","computation energy, transmission power, CPU frequency, local training energy","Joint optimization of CPU frequency, transmission power, bandwidth allocation, and learning accuracy"
ScalEdge: A framework for scalable edge computing in Internet of things–based smart systems,"Mohammad Babar, Muhammad Sohail Khan",2021,SAGE Journals,"IoT edge computing, scalable edge architecture, computation offloading",Energy-Efficient Recursive Clustering (EERC),Clustering,Clustering,NO,HM,NA,Face recognition workload simulation (3-tier IoT–Edge–Cloud),"energy-efficient recursive clustering (EERC), two-stage hierarchical computation offloading, edge server scalability","65% request capacity increase, 7.90% energy conserved, 18.4s computation time reduction, 12.58% device lifetime extension",Edge performance degrades when offloading requests exceed ~35," IoT devices, smartphones, cluster heads, base stations, edge servers, cloud servers","compute-intensive tasks, face recognition data, offloading requests","cluster-based communication, device-to-edge offloading, hierarchical edge-cloud communication, client-server model",NA,None | N/A,"transmission power, processing energy, battery level, data transfer energy cost",Energy-aware computation offloading with recursive clustering
SoftEdgeNet: SDN Based Energy-Efficient Distributed Network Architecture for Edge Computing,"Pradip Kumar Sharma, Shailendra Rathore, Young Sik Jeong, Jong Hyuk Park",2018,IEEE Xplore,"SDN-based edge computing, distributed network architecture",Edge/Fog distributed processing reduces bandwidth and energy consumption,Optimization,Communication Protocol Optimization,CML,HM,Open flow,"Mininet SDN emulator, Amazon EC2 cloud, sensor+CCTV campus prototyp","SoftEdgeNet model, RPAL algorithm, SDN-based secure fog node","bandwidth maintained >9 Mb/s up to 2000 PPS, unchanged bandwidth at 3600 PPS, reduced transmission bandwidth",Message overhead and latency in edge node placement,"IoT sensors, smart devices, base stations, SDN controllers, fog nodes","real-time sensor data, condition data, OpenFlow packets","hierarchical communication, peer-to-peer communication, OpenFlow protocol",Open flow,"attack mitigation module, blockchain, Proof-of-Rule | local data processing","transmission energy consumption, operational bandwidth cost, computing resource load",Edge/Fog distributed processing reduces bandwidth and energy consumption
Energy efficient secure computation offloading in NOMA-Based mMTC networks for IoT,"Shujun Han, Xiaodong Xu, Sisai Fang, Yan Sun, Yue Cao, Xiaofeng Tao, Ping Zhang",2019,IEEE Xplore,"NOMA-MEC, mMTC computation offloading",Joint computation and communication resource allocation for secrecy energy efficiency (SEE) maximization in task offloading,Task Offloading,Task Offloading,SL,MO,"NOMA-based mMTC (5G), MEC-assisted communication",Monte Carlo simulation using 3GPP wireless parameters,"Dinkelbach-based optimization, joint resource allocation, secrecy energy efficiency maximization","193.30% SEE gain, 24.74% SR loss, convergence within 5 iterations","High computational complexity for large MTCD networks, Requires accurate channel state information,Performance depends on MEC resource availability","MTCDs, IoT devices, R-MECS, eavesdroppers","computation tasks, channel state information","NOMA, device-to-edge offloading","NOMA-based mMTC (5G), MEC-assisted communication","physical-layer security, artificial noise | secure computation offloading","transmission power consumption, static circuit power, processing power",Joint computation and communication resource allocation maximizing Secrecy Energy Efficiency (SEE)
Energy-aware Mobile Edge Computing for Low-Latency Visual Data Processing,"Huy Trinh, Dmitrii Chemodanov, Shizeng Yao, Qing Lei, Bo Zhang, Fan Gao, Prasad Calyam, Kannappan Palaniappan",2017,IEEE Xplore,The paper focuses on designing and evaluating energy-efficient and low-latency computation offloading strategies in Mobile Edge Computing for visual IoT applications (facial recognition).,Policy-based computation offloading in Mobile Edge Computing with facial recognition processing (Eigenfaces + HOG).,Task Offloading,Task Offloading,CPL,ML,"UDP, Wireless Network","offloading with compression and parallel processing policies,GENI Cloud testbed, Facial recognition images (100–1000 images, 2048×1536 resolution","Development of an energy-aware, low-latency MEC framework with a decision-making algorithm for optimal computation offloading between edge and core cloud","MEC offloading achieves low latency for small workloads (edge), efficient processing for large workloads (core), and tunable energy–latency trade-offs via compression, parallelism, and client configuration.",Rule-based offloading strategy and limited evaluation without mobility or multi-edge scenarios,ASUS Zenpad tablet (Android mobile device),High-resolution visual data (images/video for facial recognition),,"UDP, Wireless Network",NA,"Data compression, data transmission (upload/download), and computation (parallel vs sequential processing)",Edge/Core cloud offloading with compression and parallel processing policies
EdgeEye: A Long-Range Energy-Efficient Vision Node For Long-Term Edge Computing,"Simon Benninger, Michele Magno, Andres Gomez, Luca Benini",2019,IEEE Xplore," IoT edge computing, multi-sensor vision node","Ultra-low-power hardware (GAP8), on-device CNN inference, duty cycling, power gating, low-resolution grayscale imaging",Hardware / Architecture Modifications,Hardware / Architecture Modifications,HL,ML,LoRa / LoRaWAN,"Real-world dataset (2985 images, resized grayscale people-counting dataset) + hardware prototype evaluation","EdgeEye vision node, GAP8 processor utilization, energy-efficient CNN inference","17.5 mJ energy consumption per task, >400 days battery life, 97.33% accuracy","Limited memory (512 KB), reduced model complexity, grayscale-only input, moderate accuracy (~72% exact), constrained scalability","IoT devices, vision nodes, gateways, nano-drones","camera images, audiovisual data, ambient light data","LoRa, LoRaWAN, long-range communication",LoRa / LoRaWAN,"None | local processing, image blurring","active power, sleep power, battery voltage, receive current, transmission power","Ultra-low-power hardware (GAP8), on-device CNN inference, duty cycling, power gating, low-resolution grayscale imaging"
A Deviceless Edge Computing Approach for Streaming IoT Applications,"Marjan Gusev, Bojana Koteska, Magdalena Kostoska, Boro Jakimovski, Schahram Dustdar, Ognjen Scekic, Thomas Rausch, Stefan Nastic, Sasko Ristov, Thomas Fahringer",2019,IEEE Xplore,"IoT streaming, deviceless edge computing",Deviceless edge computing architecture with horizontal task offloading and distributed scheduling,Task Offloading,Task Offloading,CPL,HM,"mDNS, UPnP, LEACH, CCP",NA,"horizontal offloading, deviceless architecture, energy optimization","improved energy efficiency, extended battery life, enhanced scalability, increased fault tolerance",Lack of experimental validation and dependence on efficient scheduling and coordination protocols,"IoT sensors, smartphones, tablets, edge servers","streaming data, sensor data, computation tasks","horizontal offloading, device-to-edge offloading, P2P communication","mDNS, UPnP, LEACH, CCP",None | N/A,"battery level, transmission power, processing energy",Offloading computation to edge devices and using low-power PAN networking
An Advanced Energy Efficient Resource Allocation for Software- Defined WSN Using Hybrid Optimization Algorithm,"Ballary, Ramachandra and Hegde, Rajeshwari M.",2025,Wiley Digital Library,Energy efficiency & resource allocation in SDWSNs,Hybrid Election-based Ladybird Beetle Optimization (HELBO),Optimization,Communication Protocol Optimization,CML,HM,"TDMA, FDMA, OpenFlow",Generic sensor dataflows,Integration of Election-Based Optimization Algorithm (EBOA) and Ladybug Beetle Optimization Algorithm (LBOA) to dynamically tune power and bandwidth allocation.,The HELBO algorithm achieved 70.5 better energy consumption than LBOA and 2.4 improved convergence ,2. Unintegration of security and privacy leaving sensitive data unprotected.,"SDN Sensor nodes,SDN Base Stations and SDN Controllers",Generic sensor dataflow,First data is collected  by SDN-ss and is transmitted to SDN Cs via SDN Bs through FDMA frequency channel,TDMA/FDMA; N/A; N/A ,Identified as a research gap,"Energy consumption (Mbits/J), Transmission power (mW), and bandwidth (GHz)",HELBO optimizes objective function by tuning transmission power and bandwidth to minimimze Wc (energy per bit).
"An energy-aware technique for solving the offloading problem
of mobile internet of things using an enhanced neural network-based
optimization algorithm","Xia, HaoJi and Cao, Jinyan",2025,SpringerLink,Task offloading in MIoT,Hybrid Locust Search (LS) and Multi-Layer Perceptron (MLP) Neural Network.,Optimization,Routing Optimization,CML,ML,Wi-Fi (IEEE 802.11) and IEEE Ethernet.,MATLAB-based simulation / PCL Dataset,"Hybrid model employing LS to optimize neural network weights and structure, stopping the error back-propagation algorithm from trapping in local minima","1.The model found best solution in < 35 iterations.
2.Reduced convergence time by about 25%.
3.Improved accuracy of 2.7% in comparison to standard back propagation methods",lower performance than pure LS in cost reduction,"Mobile stations (STA), Access Points (AP), and Access Point Controllers (APC)","Generic MIoT application tasks, geographic mapping satellite data, and multimedia services",Wireless task offloading is performed from STAs to the Mobile Fog infrastructure (F-AP/F-APC) or to the public cloud through the ePDG/EPC core network,"1.Wi-Fi (IEEE 802.11) and IEEE Ethernet.
2.Packet size : N/A
3.Encryption: EAP-AKA over IKEv2",EAP-AKA and IKEv2 for global authentication of mobile stations.,"Energy consumption (mJ), Transmission power (Pt in Watts), and device-specific constant k.","1.Dynamic adjustment of device sleep modes.
2.Optimization of transmission power levels.
3.Intelligent task distribution"
An energy‑efficient routing algorithm for dual‑energy harvesting‑assisted wireless sensor networks based on whale optimization strategy,"Hao Sheng, Chen Jun, Cui Jianqun, Fan Xiying and Li Zhen",2024,SpringerLink,Routing and energy management in wireless sensor networks (WSNs) using dual energy harvesting from solar and RF sources.,DEHRA-WO (Dual Energy Harvesting Routing Algorithm based on Whale Optimization),Optimization,Routing Optimization,EL,HM,Standard WSN multi-hop communication models used in simulation,MATLAB Simulation,"Dual-energy harvesting switching mechanism (Solar + RFC) using a Kalman filter for solar prediction, integrated with an improved Whale Optimization (WO) strategy for optimal next-hop selection in a multi-hop routing framework","1.Performance metrics PLR, ARE, and ECPRP improve by 15.42%, 60.81%, and 10.79%, respectively.
2. ARH, AD, and EV decrease by 11.77%, 18.36%, and 27.74%.
These indicate improved efficiency and network performance",Only tested in 2D environments and lacks consideration for node mobility,Sensor nodes that utilize both solar and RF energy harvesting devices,"Environmental information (temperature, humidity, etc.).",Multi-hop routing through next-hop selection,802.11b; 256 bytes;N/A,N/A,"Residual energy, consumed energy, and harvested energy","The Whale Optimization (WO) strategy determines the next-hop node by minimizing an evaluation function that considers distance, residual energy, and buffer state"
Database energy saving strategy using blockchain and Internet of Things,"Dexian Yang, Jiong Yu, Zhenzhen He and Ping Li ",2025,Nature Portfolio,Green environmental protection system by advancing database energy-saving through blockchain integration.,Blockchain-optimized energy-saving mechanism,Data Reduction,Data Reduction,DL,HM,"Hello protocol,Link-state advertisement protocol",Heterogeneous database cluster prototype (real-world environment),Blockchain to extend system resources and reduce the burden on database storage,Blockchain database system execution time is 45 min vs. 98 min for traditional (10 nodes),Insufficient experimental validation for the proposed cluster query allocation mechanisms,"1.Edge servers 
2.routing controllers
3.background nodes with varying CPU capabilities","1.Sensor network data
2.query streams
3.transaction records",Transmitted via routing controllers to transit routers and standby routers,"Link-state/Hello; N/A, Digital signatures/Hash values","1. Anonymous identity authentication
2. digital signatures
3. tamper-proof blockchain structure",Total execution time (min); total energy consumption (kW),"Energy consumption is reduced by distributing storage with blockchain, improving query efficiency, balancing workload across nodes, removing redundant data, and optimizing computing resources"
"
Edge assisted energy optimization 
for mobile AR applications 
for enhanced battery life and 
performance","Dinesh Sahu, Nidhi, Shiv Prakash, Vivek Kumar Pandey, Tiansheng Yang, 
Rajkumar Singh Rathore & Lu Wang",2025,Nature Portfolio,Minimizing energy consumption and latency in mobile AR through AI-driven task offloading and rendering quality scaling.,DQN-based task offloading with Adaptive Quality Scaling,Optimization,Routing Optimization,CPL,RL,Wi-Fi ,"Unity-based AR workload, MAWI Dataset, ITU Network Performance Data",Unified framework combining DQN for dynamic offloading and entropy-based Adaptive Quality Scaling,30% energy reduction vs heuristic; 20% battery life increase; latency < 80 ms; success rates > 90%,Ignores multi-user/multi-edge server coordination and privacy/security not addressed,Smartphones (Snapdragon 865 equivalent); Intel Xeon edge server.,"AR tasks (image recognition, 3D rendering, video processing)",Task offloading from mobile device to edge server.,Wi-Fi; 10 MB to 100 MB payloads; [N/A],Identified as a gap,Energy consumption (Joules); Battery level (%); Energy-per-bit,DQN selects optimal offloading and Adaptive Quality Scaling reduces rendering fidelity during energy constraints.
"Efficient and secure data transmission in IoT using machine learning 
framework for energy optimization",M. C. Rajalakshmi & J. Pallavi,2025,SpringerLink,ML-based real-time integrated optimization of energy consumption and security in Internet of Things networks,"Machine Learning methods (DQN/Q-learning, RF, SVM,DT)",Optimization,Security Aware Energy Optimization,SL,RL,"Wi-Fi, Zigbee, Bluetooth",LoED dataset,ML based framework that co- optimises energy efficiency and security,"30% energy reduction, 25% throughput increase, 15% latency reduction, 90% accuracy",NA,"Battery-powered sensors, actuators, and wearables","Sensitive/personal data (health, finance)","Dynamic protocol selection (Wi-Fi, Bluetooth, or Zigbee","Wi-Fi/Zigbee/Bluetooth; 512–2048 bytes; AES-128, AES-256, RSA",Real time security depending on battery life and data sensitivity,Total energy (Joules); transmission power (dBm),Fine tuning transmisson power using ML and chooses lightweight encryption when battery is low. 
"Efficient Power Conservation Mechanism in
Spline Function Defined WSN Terrain","Fan-Hsun Tseng, Hsin-Hung Cho, Li-Der Chou  and Han-Chieh Chao",2014,IEEE Xplore,Enhancing 3D surface coverage and power consumption in WSN's ,EPC (Efficient Power Conservation) algorithm,Optimization,Routing Optimization,CML,MO,Multi-hop WSN,"MATLAB Simulation (180m³ space, 25 sensor nodes)",Empoying NURBS for terrain modelling and dynamic programming for optimal sensing radius allocation,Network lifetime extended by 25 epochs; power consumption lower even with k=3 connectivity.,Lacks node mobility considerations,Sensor nodes (generic battery-powered WSN nodes),"Sensing and monitoring information (e.g., volcanic or medical)",Multi-hop communication,N/A,identified as a gap,"Power consumption (w), Energy consumption (E), and Battery power (mAh).","To reduce overlapping coverage areas, dynamic programming modifies each node's sensing radius"
"Energy efficient offloading mechanism using particle swarm
optimization in 5G enabled edge nodes","Nebojsa Bacanin, Milos Antonijevic,  Timea Bezdan, Miodrag Zivkovic, K. Venkatachalam and Sharaf Malebary",2023,SpringerLink,Reducing cost and energy for data offloading in 5G networks by selecting appropriate edge nodes.,Particle Swarm Optimization (PSO),Optimization,Routing Optimization,CML,HM,"5G, Wi-Fi",MECHREVO-Ti2 experimental setup,"Multi-level task offloading mechanism (MD, MEC, Cloud) integrated with PSO-based energy optimization",Proposed system consumed 55.76 J for 500 tasks compared to 413.23 J for Benchmark and 398.92 J for FFD,"Time-consumption based energy optimization is missing, Heterogeneity in UDN is not considered","MEC server, Macro Base Station (MBS) and Small Base Station (SBS)","Smart car driving, medical check up, housing security data.",Multi-level offloading via wireless signals through 5G and access points,5G; Scale of tasks [100 to 500]; Encryption : N/A,identified as a gap,CPU cycles (tc); energy per unit workflow (theta); total size (s),"PSO agent selects the offloading site (MD, MEC, or Cloud) that minimizes a weighted cost function of energy and time"
"Energy Coherent Fog Networks Using Multi-Sink
Wireless Sensor Networks","RABIE A. RAMADAN, MD. HAIDAR SHARIF, EISSA JABER ALRESHIDI,  MD. HARIS UDDIN SHARIF, IBRAHIM FURKAN INCE, HIQMET KAMBERAJ and AHMED Y. KHEDR",2021,IEEE Xplore,Investigating how vaious fog  network organizations influence energy saving and connectivity with multi-sink WSNs.,"WNS, EBA, HHO, and MHHO",Optimization,Routing Optimization,CML,HM,"LEACH, Prim's MST, CSMA/CA, and TDMA",CupCarbon and MATLAB simulations,Framework for WSN connectivity to fog networks via novel multi-sink gateway selection algorithms,WNS achieved best energy levels; HHO used 5% more energy than WNS; packet loss ranged from 3% to 10%.,Trial and error needed for WNS window size; HHO complexity increases with iterations; communication range is limited.,"Fog Nodes (FNs), Sink Nodes (SNs), and sensor nodes",Environmental sensed data and video surveillance streams.,Multi-sink gateways transmit sensed data to the fog network for analysis and decision making,TDMA; Signaling: 200 bits; Data: 4000 bits; Encryption: [not addressed].,identified as a gap,"CPU state/change energy, Transceiver TX/RX/Idle energy, and sensor running energy.","Positioning SN gateways near FNs based on residual energy, processing capacity, and node degree to minimize TX energy."
"Energy Efficient Real-Time Tasks Scheduling on
High-Performance Edge-Computing Systems
Using Genetic Algorithm","HAMEED HUSSAIN,MUHAMMAD ZAKARYA, AHMAD ALI,AYAZ ALI KHAN, MOHAMMAD REZA CHALAK QAZANI,  MAHMOODAL-BAHRI
AND MUHAMMAD HALEEM ",2024,IEEE Xplore,Meta-heuristic optimization for energy-efficient scheduling of periodic real-time tasks on multi-core edge systems.,GA-FiFeS (Genetic Algorithm combined with First Feasible Speed),Optimization,Routing Optimization,CML,HM,Not specified,MATLAB numerical simulations,Hybridizes GA with FiFeS to minimize CPU speed (and thus energy) while meeting real-time deadlines better than standard heuristics.,8.56% energy reduction and ~2.78% response time improvement compared to standard FiFeS,Assumes independent tasks and doesn't account for GA execution overhead on real hardware,High-performance multi-core edge systems,Real-time periodic tasks,Software-based scheduling across multi-core processor cores,RM scheduler; 10 major operational levels encryption : N/A,identified as a gap,"Power (P=v2. f), Frequency (f), Voltage (V), and Energy (E=P.T)",GA optimizes the FiFeS initial population to find the minimum feasible frequency required to meet task deadlines
"Energy-efficient adaptive routing 
in heterogeneous wireless sensor networks 
via hybrid PSO and dynamic clustering","Yang Zhang, Ling Yang and Yan Tan",2025,SpringerLink,Deterministic routing for static heterogeneous WSNs addressing energy imbalance and scalability,Improved Particle Swarm Optimization (IPSO),Optimization,Routing Optimization,CML,HM,IEEE 802.15.4 / ZigBee,IEEE 802.15.4 / ZigBee,"Cosine-modulated IPSO parameters, hybrid transmission mode switching, and heterogeneity-aware fitness modeling",32.7% lower energy consumption than LEACH; 28% lifespan extension; 63% lower energy variance.,Static node role assignments; idealized solar replenishment; lacks node mobility,Raspberry Pi 4B; Solar-Powered Hubs (SPH); Battery-Powered Relays (BPR).,Real-time edge analytics data; 512-bit packets,Hybrid single-hop and multi-hop transmissions.,IEEE 802.15.4; 512-bit packets; [encryption not reported],identified as a gap,Residual energy; energy standard deviation (ESD); Jain’s Fairness Index (JFI),IPSO dynamically adjusts inertia weights to find optimal cluster heads while hybrid routing shifts traffic to underutilized nodes
Energy-Efficient Offloading Based on Efficient Cognitive Energy Management Scheme in Edge Computing Device with Energy Optimization,"Vishnu Kumar Kaliappan, Aravind Babu Lalpet Ranganathan,Selvaraju Periasamy, Padmapriya Thirumalai 4, Tuan Anh Nguyen, Sangwoo Jeon, Dugki Min and Enumi Choi ",2022,MDPI Digital Library,Managing energy efficacy of edge devices,Cognitive Energy Management Scheme (CEMS),Optimization,Routing Optimization,CML,ML,Not specified,Contiki Cooja simulation environment,Unified framework using state learning (Q-learning) to swap between scheduling and offloading based on computed rewards.,Energy efficacy and computing rate improved by ~9.4% and ~7.4% respectively; scheduling failures reduced by ~7.8%.,Lacks consideration of the computational overhead of running Q-learning on ultra-low-power edge nodes,Distributed edge computing hardware (simulated).,"Software application task requests (e.g., smart driving, healthcare).",Migration between local scheduling and offloading concepts based on load.,FCFS; N=1200 tasks; [encryption not addressed].,Identified as a gap,"Energy availability , energy conservation, and energy distribution .",Employs state learning (Q-learning) to swap between task scheduling and offloading based on energy availability and computed rewards.
"Energy-efficient task allocation for reliable parallel computation of
cluster-based wireless sensor network in edge computing","Jiabao Wena, Jiachen Yanga, Tianying Wanga, Yang Lib and Zhihan Lvc",2023,ScienceDirect,Creating a task distribution plan to balance the load and use less energy for parallel processing in cluster-based WSNs,Hybrid Genetic Algorithm and Ant Colony Optimization (GA-ACO),Optimization,Routing Optimization,CML,HM,Cluster-based WSN communication,MATLAB Simulation,A hybrid GA-ACO task allocation technique for parallel edge computing that maximizes load balancing and overall energy usage.,Achieved lower energy consumption and better load balancing (lower standard deviation of energy) compared to independent GA and ACO,assumes fixed cluster heads; does not consider task dependencies.,Cluster-based sensor nodes acting as parallel processing units.,Sub-tasks of a complex computation task (parallel processing).,Data transmission within clusters and from clusters to the edge server,n/a,identified as a gap,Total energy consumption ; Energy consumption of individual nodes.,GA-ACO optimizes task distribution to minimize the sum of communication and computation energy while balancing the load.
Energy-Efficient Federated Learning Scheduler for VMAllocation in Edge-Cloud Continuum,"SUBHAM K. SAHOO,  ABDHISUTA DASH,
SAMBIT K. MISHRA , AND DEEPAK PUTHAL ",2025,IEEE Xplore,balancing energy and latency by jointly optimizing job scheduling and virtual machine allocation in heterogeneous edge-cloud scenarios.,FL-EAS (Federated Learning based Energy-Aware Scheduling),Optimization,Routing Optimization,CPL,ML,FedAvg (Federated Averaging),"Simulated environment with 1 cloud and 3 edge datacenters; 1000–10,000 cloudlets.","Integrating FL directly into the scheduling loop, resulting in ongoing adjustment to dynamic
workloads that use less energy, better adherence to deadlines, and scalable learning without raw data trade.",95.17% SLA success rate; 99.91% model accuracy; up to 25% energy reduction vs Opt-MSOP at high scales.,assumes independent tasks.,"Edge datacenters (hosts with 8GB RAM, 20,000 MIPS)","Cloudlets (ID, computational length, required RAM, processing elements).","The scheduler attempts to allocate the cloudlet to the most efficient virtual machine (VM), giving edge VMs preference as anticipated to use less energy and provide swift responses.",FedAvg; Batch size 32; Privacy-preserving via local model updates (no raw data exchange).,Federated Learning ensures privacy by keeping raw data local,"Load-based linear power model, Total energy (Wh).",Minimizes a learned cost function and proactively powers down idle VMs (5s threshold).
"Enhancing Network Efficiency and Extending Lifetime 
Through Delay Optimization and Energy Balancing 
Techniques","Amrita Jyoti, Rashmi Sharma, Pooja Singh, Harsh Khatter and Rashmi Mishra",2023,SpringerLink,Optimizing energy balancing and delay in heterogeneous WSNs through dynamic clustering.,Dynamic Cluster Formation,Clustering,Clustering,NO,HM,"LEACH, SEP",MATLAB Simulation,Dynamic clustering based on energy levels and distance from the base station to ensure even distribution and longevity,32.7% lower per-round energy vs LEACH; 28% lifespan extension; delay variation 1.5 to 2.5,Energy-efficient data aggregation causes delays in detecting sudden environmental changes,"Basic fork (sensors), advanced fork, and cluster heads","Agricultural readings (soil moisture), structural vibrations, and surveillance data.",Hierarchical multi-hop transmission via cluster heads to the base station.,"LEACH, SEP; 4000 bits; [not reported].",identified as a gap,residual power; Transmission energy ; Free space power ; Amplification energy,Minimizes re-clustering frequency and selects heads with high residual power to avoid frequent retransmissions
"Hybrid big data optimization based energy-efficient and 
AI-powered green architecture toward smart cities and 
5G-IoT applications","Ihab Nassra , Juan V. Capella",2025,ScienceDirect,"AI-powered green architecture combining mobile, edge, and cloud computing for efficient data optimization",RMSSD-AHE,Data Reduction,Data Reduction,DL,ML,"5G, Zigbee, LoRaWAN",Intel Lab Wireless Sensor Network dataset,A hybrid RMSSD-AHE data reduction method integrated with a multi-layered AI-driven smart city architecture,47.3% energy reduction; 54.6% lower latency; 3.55 compression ratio; 71.85% energy saving,Integration challenges with legacy systems; regional weather-dependent renewable energy; regulatory compliance issues,"Smartphones, tablets, sensors (humidity, temp, light, motion), MEC nodes","Environmental sensed values (humidity, voltage, temperature, light, motion, air quality).",Distributed manner across network layers from sensors to mobile/edge and then cloud.,Zigbee/LoRaWAN for AMI; 100 Mbps transfer rate; [encryption not reported for proposed method].,Lightweight cryptography (PRESENT/CLEFIA) and Quantum-resilient encryption identified as future requirements,Transmission energy (J/bit); Power consumption (W); Operations per watt.,RMSSD groups approximate sensor values to reduce transmissions; AI-powered cloud optimizes virtualization/renewable use.
"Learning-Based Terminal-Edge Collaborative
Energy-Efficient Routing Algorithm
for Green RWSN","Haobo Guo, Runze Wu
, Yijia Ma, Yong Li, Sun Li , BingQi
and Yi Sun",2024,IEEE Xplore,Joint optimization of task offloading and network topology in solar-powered RWSNs to improve sustainability,L-TECOR,Optimization,Routing Optimization,CML,HM,Multi-hop wireless communication,Numerical simulations based on real-world solar radiation data,A two-layer hierarchical optimization framework (NTO and TECTO) using DRL to bridge offloading and routing decisions.,Achieved higher network sustainability and balanced energy status; outperformed baseline algorithms in task success and energy residue,Focuses on a single edge server; does not address node mobility or multi-user interference in high-density areas,Solar-powered smart sensors (terminals) and edge servers,Industrial monitoring tasks (raw data for local or edge processing),Wireless multi-hop transmission for offloading and routing.,Multi-hop;  packet size [not reported]; encryption [not reported] ,identified as a gap.,"Harvested energy , residual energy , consumption for sensing , processing , and transmission","DRL agent optimizes the offloading ratio and NTO layer selects energy-efficient paths to maximize the ""Energy Balance Index"
"PUF-CIM: SRAM-Based Compute-In-Memory
With Zero Bit-Error-Rate Physical Unclonable
Function for Lightweight Secure Edge Computing","Zhuojun Chen, Ming Wu, Yifeng Zhou, Renlong Li, Jinzhe Tan, and Ding Ding",2023,IEEE Xplore,Lightweight secure CIM architecture using SRAM-based PUF for AI model protection in edge computing.,PUF-CIM (SRAM-based PUF integrated with 10T bit cells,Optimization,Security Aware Energy Optimization,SL,MO,Ciphertext MAC operation,MNIST dataset,10T SRAM bit cell for in-situ XOR/MAC; on-chip masking for zero-BER PUF; ciphertext-only computation.,96.20% MNIST accuracy; 93.35–121.38 TOPS/W efficiency; zero BER under fluctuations.,XOR encryption is relatively simple; 16.1% energy efficiency drop compared to unsecured CIM.,Resource-limited AI/DNN edge processors.,Deep Neural Network (DNN) weights and input features.,In-memory parallel dot-product processing,4-bit input; 4-bit weight; 5-bit digital output via SAR ADC.,Hardware-based weight encryption using zero-BER SRAM PUF keys,TOPS/W (Tera-Operations Per Second per Watt); pJ per cycle.,CIM eliminates data movement between ALU and memory; 10T cell avoids weight movement during crypto operations.
"SEES: a scalable and energy‑efficient scheme for green IoT‑based 
heterogeneous wireless nodes","Antar Shaddad H. Abdul‑Qawy, T. Srinivasulu",2018,SpringerLink,Minimizing global energy usage and extending lifetime in large-scale heterogeneous IoT networks,SEES (Scalable and Energy-Efficient Scheme),Energy Harvesting,Energy Harvesting,CML,HM,TDMA (intra-cluster); CDMA (inter-layer),MATLAB custom simulation program,Hybrid scheme combining deterministic EH relay placement with Multi-Stage Weighted Election (MSWE) for aggregators,Saves up to 62% energy; increases network lifetime by 42–70% and throughput by 100–114% vs LEACH/SEP,Assumes nodes are fixed once deployed (static); assumes all EH nodes have the same harvesting rate.,"Heterogeneous sensor nodes (HNs), EH relay nodes, Local/Master base stations","Agricultural sensor readings, Geiger pulse counts, video surveillance streams.",Hybrid single-hop and multi-hop cross-layer transmission.,TDMA/CDMA; 4000-bit (sensor) to 5000-bit (EH) packets; [encryption not reported].,identified as a gap,Total initial energy ; Energy per bit ; Harvesting rate , EH relays reduce transmission distance for sensors; MSWE selects aggregators based on residual energy to balance load.
"An Energy-Efficient Data Aggregation Mechanism for IoT Secured by Blockchain.
",Ahmed et al.,2022,IEEE Xplore,"Energy Efficiency.
Data Redundancy.
Security issues.","Energy-Efficient Data Aggregation
Mechanism (EEDAM).

Blockchain integeration.

Fuzzy Similarity Matrix.

Sleep Scheduling Mechanism.",Clustering,Clustering,NO,HM,Not specified,Custom simulation,"EEDAM protocol, fuzzy-based data aggregation, blockchain edge validation, redundant node sleep scheduling","The proposed model significantly reduces energy consumption by using a fuzzy-based algorithm for data aggregation, which minimizes data redundancy and network traffiic.

The proposed model also reduces energy consumption using sleep scheduling mechanims.

By integrating Blockchain, the model esnures secure data transmission.

The model is also scalable, handling increasing node density without significant performance degradation.","The integration of blockchain can introduce latency, which may affect real-time data processing and transmission.

The Cluster Heads need to be distributed near the Base Station (Edge Server). The distance of nodes from base station is crucial , if the distance increases it may cause more energy consumption. The paper also suggests to examine different security and energy strategies of the proposed model to enable energy-efficient communication between devices at the edge of the core network.","The following are mentioned :
IoT Devices (such as sensors), Edge Servers and Cloud Servers.","The IoT devices collect data from public infrastructures, which are being monitored.","The data collected by IoT devices is first sent to the local base station, which is an edge server, after being filtered using the Fuzzy matrix.
The edge server then communicates with the cloud server and requests for services which are not available in the cache of the edge server.
The cloud server after receiving and processing the request, provides the service with proper security. ","Protocol : NA
Size of Packet : NA
Encryption : Blockchain",Blockchain ensures security and privacy.,"The Sleep and Wake mode of IoT devices.

The vast amount of data produced by IoT devcies (such as sensors) results in transmission collision, security issues and energy consumption.
The processing and transfer of data also consumes bandwidth, energy and time.
","Energy-Efficient Data Aggregation Mechanism (EEDAM) reduces energy consumption by using a fuzzy similarity matrix to group nodes with high data similarity at the cluster level.
This allows some nodes to enter into sleep mode and others into wake mode (called as sleep scheduling), therby reducing energy consumption, data redundancy and network trafic,
Additionally, Blockchain technology is integrated to secure the data aggregation process, ensuring efficient and secure data transmission."
"IoT Assisted Hierarchical Computation Strategic Making (HCSM) and Dynamic Stochastic Optimization Technique (DSOT) for Energy Optimization in Wireless Sensor Networks for Smart City Monitoring.
",Meenaakshi Sundhari & Jaikumar,2020,ScienceDirect,Energy optimization in Wireless Sensor Networks (WSN) for smart city monitoring.,"Hierarchical Computation Strategy Making (HCSM),
Dynamic Stochastic Optimization Technique (DSOT),
Clustering.
K-means algorithm.",Clustering,Clustering,NO,HM,HTTP and API in Data Layer.,"Lab scale experimental validation, 50 datasets","HCSM-DSOT hybridization, optimal CH selection & network lifetime maximization","The proposed methods achieve low maintenance costs, decreased sensing error and significantly improve the energy efficiency of WSNs as compared to BLE, secUreIoT, PSDO-PPSO, EAMSuS and TAC. The proposed methods also achieves higher prediction ratio of about 96.54% and a higher reliability ratio of about 92.4% as compared to other traditional methods.","The experimental outcomes are validated at a lab scale, which may not fully represent real-world scenarios and all the complexities of actual smart city environments. As per the mathematical formulation of the HCSM - DSOT, the energy consumption is very high for data transmission from sensor node to the destination node if they are separated by huge distance.The paper also proposes exploring machine learning-based hybridized approaches for HCSM-DSOT in future work.","Sensor Nodes , Mobile Devices , Cameras.","End devices (such as sensors) collect raw data from the environment in the sensing layer. This data includes the presence of individuals in rooms and public places, seismic forces and activities, Traffic streams etc.","The raw data collected in the Sensing Layer is transmitted to the middlewares and then to Data Layer, where HTTP and APIs expose the communication with the user's application ( Application Layer)","Protocols : HTTP and API in Data Layer.
Size of Packet : NA.
Encryption: NA",NA,Energy metrics like the energy consumption of sensor nodes and clusters.,"HCSM and DSOT select and optimize Cluster Heads to 
distribute the energy load within the sensor nodes in the entire system and uses K-means algorithm for clustering to improve the energy efficiency."
An intelligent approach for energy efficient trajectory design for mobile sink based IoT supported wireless sensor networks. Peer-to-Peer Networking and Applications,S.K. Sathiya Lakshmi Preeth,2019,SpringerLink,"Optimising Mobile Sink Trajectory, Cluster Head Selection","Neuro Fuzzy Emperor Penguin Optimization(NF-EPO) Approach, ANFIS, EPO Algorithm",Clustering,Clustering,NO,HM,TDMA,MATLAB simulation,"NF-EPO trajectory design, ANFIS CH selection, EPO path finding & energy minimization","Enhanced Network LIfetime, Reduced Delay and Packet loss, Improved Data Throughput, System Adaptability",The paper suggests using additional optimization techniques in future work to further enhance performance but does not specify which methods or address current limitations in detail.,"WSN nodes

Sensor nodes, static and dynamic mobile sinks",Environmental data is transmitted to sink or base station,"Data is transmitted via direct or multi-hop communication. Sensor nodes send data to cluster heads, which then relay it to rendezvous points (RPs) or directly to the mobile sink.","Protocol: TDMA
Packet size 512 bytes
Encryption: Not specified",NA,"Multihop communications from sensor nodes to the rendezvous points

Amount/Number of RPs","It reduces energy consumption by optimizing the selection of CHs and RPs, minimizing multi-hop communications, and ensuring efficient data routing, resulting in lower overall energy usage."
Energy efficient clustering with disease diagnosis model for IoT based sustainable healthcare systems,Bharathi R,2020,ScienceDirect,"Energy Consumption

Healthcare

Cluster Head among IoT devices","EEPSOC-ANN model

Energy efficient PSO based Clustering for selection of Cluster Head

ANN for disease diagnosis on cloud server",Clustering,Clustering,NO,HM,SSL,"UCI dataset (10000 instances, 500 IoT sensors)","EEPSOC CH selection, ANN disease diagnosis & energy minimization","The model is both energy-efficient and highly accurate as a diagnostic tool, achieving an average sensitivity of 96.094%, specificity of 93.492%, accuracy of 94.066%, and an F-score of 94.066%.","The model’s outcomes are based on the UCI dataset, and its effectiveness may differ when applied to other datasets.

Future improvements can be made by incorporating compressive sensing techniques.",Medical IoT devices equipped with bio-sensors are used to capture healthcare data.,"The data captured includes healthcare measurements such as ECG, EEG, blood pressure, and other physiological indicators.

Node data (node ID, (x, y) position of node, power loss, power loss ratio (velocity), and energy 
level.","Data collected by IoT devices is sent to the cloud server via fog devices, with a designated Cluster Head (CH) managing data forwarding to the cloud.","Although the protocol and packet size are unspecified, data is transmitted securely using Secure Socket Layer (SSL) encryption.",Data transmission is secured using Secure Socket Layer (SSL) to ensure security and privacy,Transmission of data from IoT devices to cloud servers,"By clustering IoT devices and selecting a CH to manage data transmission, the energy consumption of individual devices is minimized. The CH reduces the need for each device to communicate directly with the cloud, thereby saving energy."
SWARAM: Osprey Optimization Algorithm-Based Energy-Efficient Cluster Head Selection for Wireless Sensor Network-Based Internet of Things,"Somula Ramasubbareddy, Cho Yongyun, Mohanta Bhabendu Kumar",2024,MDPI Digital Library,"Energy conservation

IoT

Clustering protocols

CH selection for WSNs","Osprey optimization algorithm (SWARAM) for energy-efficient cluster head selection in WSNs

Cluster formation 

CH selection using Euclidean distance and SWARAM technique",Clustering,Clustering,NO,HM,SWARAM,MATLAB R2019a,Two-phase CH selection framework combining Euclidean distance-based clustering with the Osprey Optimization Algorithm (OOA),"The proposed algorithm improves the packet delivery ratio and network lifetime by 10% compared to existing cluster head selection algorithms like EECHS-ARO, HSWO, and EECHIGWO.","The proposed method does not take into account factors such as mobility, security, fault tolerance, and load balancing in its performance evaluation. Additionally, hybrid algorithms can be developed to choose the optimal Cluster Head (CH).",Sensor nodes in WSNs,"Environmental data is collected by sensor nodes, which is then aggregated and transmitted to the base station for further analysis.","Data is communicated wirelessly from the sensor nodes to the selected cluster head, which aggregates the data before sending it to the base station.","Protocol: SWARAM,  Encryption is not specified. The packet size in the simulations is 4000 bits.",NA,Redundant Data Transmission,"Redundant data transmission is minimized by optimizing the selection of cluster heads, helping to balance the energy load across the network and reduce unnecessary data transmission."
"A Metaheuristic Optimization Approach for Energy Efficiency in the IoT
Networks","Iwendi, C, Maddikunta, PKR, Gadekallu, TR, Lakshmanna, K, Bashir, AK and Piran, MJ",2021,Wiley Digital Library,Minimizing Energy consumption for WSN's in IOT,"
The proposed approach utilizes a hybrid meta-heuristic algorithm that combines the Whale Optimization Algorithm (WOA) with Simulated Annealing (SA). To select the optimal Cluster Head (CH) in IoT network clusters, several performance metrics are considered, including the number of active nodes, load, temperature, and residual energy.
",Clustering,Clustering,NO,HM,General WSN architecture communication,MATLAB simulation using Xively IoT platform data,Employing SA into WOA to enhance exploitation capacity for identifying optimal cluster heads,"1.The IoT network simulated using the 
Xively IoT platform, running for 2000 
iterations to evaluate the performance 
of the proposed optimization method.
","The study primarily addresses energy 
optimization and does not implement 
or evaluate specific security protocols,
 leaving IoT networks potentially vulnerable to attacks.

Only few parameters have been used to choose the CH.","Sensors for temperature, humidity, 
pressure, motion, or other 
environmental factors.
Sensors: For heart rate, accelerometer
, gyroscope, GPS, and other biometric data
Actuators: Devices that convert electronic
 signals into mechanical movement, 
such as motors and servos.
","
Sensor data, Location and Tracking Data, 
health and wearable data, 
smart home and building data","In IoT systems, all nodes typically attempt to communicate directly with the base station (BT), which can result in congestion and the transmission of redundant data. To address this issue, the nodes are grouped into clusters, with a Cluster Head (CH) selected for each group. Nodes within a cluster send their data to the corresponding CH, which then aggregates the data and forwards it to the IoT base station. The selection of CHs within each cluster is based on various performance metrics such as temperature, load, distance, residual energy, and communication delay between the CH and the IoT base station.",N/A,N/A,"
Transmitting data from sensor nodes to cluster heads (CHs) and from CHs to the base station consumes the most energy.

Processing activities, such as data aggregation and running optimization algorithms (such as WOA-SA in this case), also require significant energy.","A hybrid meta-heuristic algorithm,
 combining Whale Optimization 
Algorithm and Simulated Annealing,
 is used to optimize energy consumption 
in IoT-based Wireless Sensor Networks.
 The network is simulated on the Xively 
IoT platform and run for 2000 iterations. 
Key performance metrics such as load,
 residual energy, alive nodes, cost function,
 and temperature are used to select optimal 
cluster heads. Results show that this 
approach outperforms existing methods.
"
Enabling a Battery-Less Sensor Node Using Dedicated Radio Frequency Energy Harvesting for Complete Oﬀ-Grid Applications,"Timothy Miller,Stephen S. Oyewobi, Adnan M. Abu-Mahfouz, Gerhard P. Hancke",2020,MDPI Digital Library,This study focuses on developing a system that provides a sensor node with energy via RF energy harvesting.,"RF energy harvesting system using a 4W EIRP 920 MHz RF device.
Solar-powered base station.
PIC32MX220F32 microcontroller.
12 element Yagi antenna for RF energy transmission.
Step-up converter to boost the harvested RF energy.",Energy Harvesting,Energy Harvesting,EL,HM,LoRa,FEKO electromagnetic simulation;LTSpice XVII circuit simulation,Battery-less RF-powered sensor node using dedicated 920 MHz RF source;Off-grid IoT system with RF energy harvesting and CC-CV charging,"The system was able to harvest RF energy over a distance of 15 meters to power the sensor node for 156 minutes per sense-transmit operation.
The Yagi antenna achieved a gain of 12.62 dBi and a return loss of −14.11 dB at 920 MH.The step-up converter effectively boosted the voltage from the RF-DC converter, ensuring a stable 3.3 V power supply for the sensor node.","The effectiveness of the system is limited by the 4W EIRP restriction at 920 MHz, and the distance over which RF energy can be effectively harvested is also limited to 15 meters. While receiving the RF energy, the sensor nodes remain on constantly, and the received RF energy needs to be greater than the energy required by the sensor nodes to operate. The temperature was measured once every 156 min",Sensor Nodes.,Data collected by sensor nodes including temperature readings.,Data is communicated via LoRa Transceiver,"Protocol : NA
Size of Packet : NA
Encryption : NA",NA,NA,"The sensor nodes are powered through wireless RF energy harvesting instead of batteries, thereby eliminating the need of periodic battery replacement. Also efficient power management techniques help improve the energy efficiency of sensor nodes."
A Hybrid Energy Harvesting Design for On-Body Internet-of-Things (IoT) Networks,"Omar A. Saraereh, Amer Alsaraira, Imran Khan,Bong Jun Choi,",2020,MDPI Digital Library,This study focuses on energy harvesting to increase the lifetime of devices.,A hybrid energy harvesting design that combines RF energy harvesting using a rectenna and thermal energy harvesting using a thermoelectric generator (TEG).,Energy Harvesting,Energy Harvesting,EL,MO,Hybrid communication protocol (CSMA/CA + TDMA),Green Castalia (Castalia in OMNeT++),Hybrid RF (2.4 GHz) + thermal (TEG) energy harvesting design;Lifecycle improvement of IoT devices,"The network lifetime is increased by 24% - 36% in the hybrid energy harvesting network.
Achieved energy harvest of 0.740 J (RF) and 0.530 J (thermal).","The network relies on all devices, if a single device runs out of energy it can affect the entire network. Additionally, the energy harvested from RF and thermal sources remains limited and may fluctuate over time.","On-Body IoT Sensors. Wearables , Monitoring Devices.","Health monitoring data, such as ECG signals.",Data is communicated via wireless communication to a central database or healthcare personnel,"Protocols : CSMA/CA and TDMA
Size of Packet : NA
Encryption : NA",NA,NA,Hybrid energy harvesting from RF and thermal sources to power IoT devices
Static: Low Frequency Energy Harvesting and Power Transfer for the Internet of Things,"Ashok Samraj Thangarajan, Thien Duc Nguyen, Mengyao Liu, Sam Michiels, Fan Yang,Ka Lok Man, Jieming Ma, Wouter Joosen ,Danny Hughes",2022,Frontiers,"Sustainable Power Solutions for IoT,RF Energy Harvesting and Adaptive Wireless Power Transfer (WPT)","Static Platform,RF Energy Harvesting,Adaptive WPT Subsystem,Open-Source Design",Energy Harvesting,Energy Harvesting,EL,MO,"Bluetooth Low Energy (BLE), LoRa, Sigfox, RFID",Real-world hardware prototype;nRF52840 specification dataset;Sigfox energy model;LoRa energy model,Multi-frequency RF harvesting platform;Self-adaptive WPT algorithm;Adaptive frequency hopping;Ambient RF + WPT integration;Real-world experimental validation,"Sustainable Energy Harvesting,Enhanced WPT Efficiency,Versatile Application,
Open Access for Innovation","Key limitations include the lack of available energy sources, low energy harvests, inefficiencies in the harvesting systems, and reduced efficiency at higher frequencies. These challenges highlight the need for dynamically tunable antenna subsystems to improve performance across different frequency ranges","Wiliot Bluetooth Tag,CatNap System (by Maeng and Lucia)","Bluetooth Advertising Packets, Event-Driven Data","LoRa: Data is transmitted over a 20 km range with a transmit power of 14 dBm.
SigFox: Data is transmitted using narrow-band Differential Binary Phase Shift Keying (DBPSK) modulation.
Bluetooth Low Energy (BLE): This short-range 2.4 GHz network transmits data through advertisement beacons, broadcasted at a 0 dBm transmit power (Wired and Wireless Communication).","Protocol: LoRa, 32 bytes  SigFox 12 bytes, Bluetooth Low Energy(BLE) 37 bytes, encryption : NA","To maintain security and privacy, it is essential to prevent attacks such as signal spoofing and malware, safeguard sensitive data, and protect devices from tampering and unauthorized manipulation of stored information, all while effectively balancing energy consumption and security requirements","
Ambient RF Power Measurement: Assessing the power available from different sources.
Energy Accumulation by Static: Quantifying the energy collected by the Static device.
Data Transmission on IoT Networks: Analyzing data rates in relation to the harvested energy.","The Static system reduces energy consumption by harvesting ambient RF energy from nearby sources and optimizing capture through strategic placement. It transmits data over low-power networks (LoRa, Sigfox, BLE) using only the harvested energy, ensuring efficient, battery-free operation."
Energy Efﬁcient Data and Energy Integrated Management Strategy for IoT Devices Based on RF Energy Harvesting,"Yang Wang, Kun Yang, Weixiang Wan, Yitian Zhang and Qiang Liu, Member,",2021,IEEE Xplore,Energy Efficiency and RF Energy Harvesting for IoT Devices,"Node Sampling Scheduling Algorithm: Matrix Completion-Based Data Reconstruction, Adaptive RF Energy Management Strategy: Data and Energy Integrated Network(DEIN)",Energy Harvesting,Energy Harvesting,EL,ML,ZigBee (IEEE 802.15.4);WIT/WET switching,MATLAB simulation;Intel Berkeley Lab dataset (54 sensor nodes),Matrix completion-based sampling;Adaptive RF energy management;DEIN system,"Extended Battery LIfe, Feasibility of Battery-Free IoT",The matrix completion technique used for reconstruction of sampling matrix introduces error when sampling rate is low.,"Sensor Nodes, Data and Energy Integrated Network Nodes (DEINN), RF Energy Management Systems, Wireless Energy Transfer (WET) Devices.","sensor Data : like temperature readings, humidity etc, Actuation Commands, Status updates, Video and Image data","
The DEING and DEINN are designed to operate with two antennas: an omni-directional antenna for Wireless Information Transfer (WIT) and a directional antenna for Wireless Energy Transfer (WET).","Protocol: MAC, Zigbee, Packet size &Encryption: NA",,"Data Transmission, Processing power, Idle Time, Sampling Rate","By utilizing Matrix Completion and compressed sensing, the amount of sampled data is reduced. An adaptive energy management strategy allows devices to enter sleep mode when inactive. Wireless Energy Transfer (WET) captures energy from the environment, and optimizing sampling rates ensures that only essential environmental data is collected for transmission."
"Efficiency Enhancement of a Hybrid Sustainable Energy
Harvesting System Using HHHOPSO-MPPT for IoT Devices
","Sirine Rabah, Aida Zaier, Jaime Lloret, Hassen Dahman",2023,MDPI Digital Library,"IoT Devices

Energy

Energy Harvesting","Hybrid solar-wind system equipped with a SEPIC converter

Combining HHO and PSO optimization algorithms to extract maximum power",Energy Harvesting,Energy Harvesting,EL,HM,Not specified,MATLAB/Simulink simulations,Hybrid solar-wind EH system with SEPIC converter & HHHOPSO optimization (efficient IoT power management),"The battery power is significantly improved by optimizing the Maximum Power Point Tracking (MPPT) algorithm, achieving an overall efficiency of 98.24%.","The power output of the PV system is influenced by varying environmental factors such as temperature and irradiance, which can affect the consistency of energy generation.

It indicates room for improvement in storage solutions and monitoring to boost efficiency, reliability and economic feasibility further.",The paper mentions IoT devices and sensors in general but does not specify particular types.,NA,NA,NA,NA,"Power generation, power usage, battery charging","It uses Hybrid Harmony Search Particle Swarm Optimization (HHHOPSO) to maximize energy harvested from solar and wind energy sources, SEPIC converters to regulate voltage levels, and reduces dependence on traditional power sources, contributing to a lower carbon footprint."
"Energy-Efficient Method for Wireless Sensor Networks Low-Power Radio Operation in Internet of Things.
","Amirinasab, M., Shamshirband, S., Chronopoulos, A. T., Mosavi, A., & Nabipour, N.",2020,MDPI Digital Library,"Energy consumption of radio operations in WSNs.
Energy-efficient methods in WSNs.
Analysis of radio WakeUp time factors of
ContikiMAC.",Lightweight Clear Channel Assessment (LW-CCA).,Optimization,Communication Protocol Optimization,CML,MO,"Application : Collect view
Transport : UDP (IETF RFC 768)
Network : RPL/IPv6 (IETF RFC 6550)
Adaptation : 6LowPAN IETF RFC 6282
Data link : IEEE 802.15.4 MAC (CSMA) (IEEE 802.15.4)
Radio Duty Cycling : ContikiMAC
Physical : IEEE 802.15.4 PHY",COOJA Simulator.,"LW-CCA technique, dynamic RSSI status check",LW-CCA reducs the energy consumption of nodes by about 8% while maintaining up to 99% of the packet delivery rate (PDR).These results were found using the COOJA Simulator.,"The proposed model is not suitable for applications with high transmission data rates, as its efficiency decreases with increasing interference in the network.

The model performs better with a balanced node distribution.However, uneven distribution can negatively impact network lifetime and efficiency.","Sensors.

Tmote-SKY Platfrom for network nodes which uses MSP430
microcontroller and CC2420, an IEEE 802.15.4 compliant RF
transceiver.
Z1, Micaz.","Sensor Data, Power and Network information",Data is transmitted using Network Layer protocols ( RPL/IPv6)from the sender node to the sink node in the WSN.,"Protocols :-
Application : Collect view
Transport : UDP (IETF RFC 768)
Network : RPL/IPv6 (IETF RFC 6550)
Adaptation : 6LowPAN IETF RFC 6282
Data link : IEEE 802.15.4 MAC (CSMA) (IEEE 802.15.4)
Radio Duty Cycling : ContikiMAC -
Physical : IEEE 802.15.4 PHY

Size of Packet and Encryption : NA ",NA,"Radio operations are the main source of power consumption in WSNs.

Power consumption states of nodes including CPU, Low Power Mode (LPM), Transmit (Tx), and Receive (Rx).","The LW-CCA protocol dynamically adjusts the received signal strength indicator (RSSI) check time, reducing unnecessary radio checks during false wake-ups and idle listening.
By minimizing the time spent on false wake-ups and idle listening, the protocol significantly lowers the overall power consumption of the nodes."
"A Fuzzy-Logic Based Adaptive Data Rate Scheme for
Energy-Efficient LoRaWAN Communication.
","Kufakunesu, R., Hancke, G., & Abu-Mahfouz, A.",2022,MDPI Digital Library,"Energy efficiency in LoRaWAN networks.

Adaptive Data Rate Schemes.",FL-ADR: Fuzzy-Logic Based Adaptive Data Rate scheme.,Optimization,Communication Protocol Optimization,CML,ML,LoRaWAN Protocol.,ns-3 simulator,"FL-ADR algorithm
4-packet SNR history","The proposed Fuzzy-Logic Based Adaptive Data Rate (FL-ADR) scheme significantly reduces energy consumption compared to traditional ADR algorithms, saving up to 43% more energy than Semtech-ADR and 14% more than ns-3-ADR. It also showed a decrease in CPSR and UL-PDR

The Scheme also lowers interference rates in dense network conditions and minimizes energy consumption.

Further, it enhances the lifecycle and extends the battery life of end devices.","FL-ADR adds complexity to the system and requires processing power to handle Fuzzy logic operations.

The performance of the FL-ADR scheme may deteriorate in extremely dense networks due to increased interference and collisions which results in decreased CPSR (confirmed packet success rate) and UL-PDR

The results are based on simulations, and real-world performance may vary.",LoRaWAN End Devices (EDs).,Sensor data from EDs.,Data is sent from EDs to the Network Server(NS) via Gateway Nodes using LoRaWAN Protocol.,"Protocol : LoRaWAN Protocol.
Packet size : NA
Encryption : NA",NA,"End Device communication with applications that have different QoS requirements.
Transmission Power.
Spreading Factor.
Signal-to-Noise Ratio.","FL-ADR scheme uses Fuzzy-Logic, which optimizes the transmission power (TP) and spreading factor (SF) and based on the actual SNR data, to reduce the power consumption."
"Collision Avoidance Adaptive Data Rate Algorithm for LoRaWAN.
","Kufakunesu, R., Hancke, G. P., & Abu-Mahfouz, A. M.",2024,MDPI Digital Library,"Energy efficiency, packet delivery, and interference mitigation of LoRaWAN networks.",SSFIR-ADR,Optimization,Communication Protocol Optimization,CML,MO,LoRaWAN Protocol.,ns-3 simulator,"SSFIR-ADR framework, randomised SF allocation, collision avoidance","SSFIR-ADR significantly reduces energy consumption in LoRaWAN networks and outperforms the standard ADR schemes in terms of energy efficiency, packet delivery ratio and interference rate.",SSFIR-ADR significantly outperforms FL-ADR in terms of packet delivery rate (PDR) but not energy consumption and interference reduction., LoRaWAN end devices such as Sensors and Actuators.,"Sensor data from EDs and status updates including packet deliver rate, interference rate and SNR","Data is communicated via LoRaWAN, which uses a star-of-star topology, consisting of End Nodes, Gateways, and a central Network Server. End Devices transmit data to the Gateways, which forwards it to the Network Server.","Protocol : LoRaWAN Protocol.
Packet size : NA
Encryption : NA",NA,"Transmission Power.
Bandwidth.
Coding Rate.
Spreading Factor","The SSFIR-ADR scheme dynamically optimizes the allocation of spreading factor which reduces the energy consumption, interference and collisions."
"LP-MAB: Improving the Energy Efficiency of LoRaWAN Using a Reinforcement-Learning-Based Adaptive Configuration Algorithm.
","Teymuri, B., Serati, R., Anagnostopoulos, N. A., & Rasti, M.",2023,MDPI Digital Library,Optimizing LoRaWAN network performance for better Packet Delivery Rate (PDR) and Energy Consumption (EC).,A centralized Low-Power Multi-Armed Bandit (LP-MAB) algorithm using SE and EXP3 strategies.,Optimization,Communication Protocol Optimization,CML,RL,LoRa Protocol.,FLoRa simulator,"LP-MAB algorithm, hybrid RL technique, energy-aware resource allocation",LP-MAB outperforms other algorithms in energy consumption while maintaining a high packet delivery rate (PDR).,"The exploration phase can be prolonged, especially with a high number of edge devices, as the level of interference in the network grows.",LoRaWAN Edge Devices (EDs).,NA,Data is communicated via LoRaWAN,"Protocol : LoRa Protocol.
Size of Packets : Packets up to 256 bytes.
Encryption : NA.",NA," Spreading Factor (SF).
Transmission Power (TP).
Carrier Frequency (CF).
Coding Rate (CR).
BandWidth (BW), Channel Noise , Network size, Packet length, and the number of packets sent by each ED,
can affect the network performance. ","The LP-MAB algorithm uses the Multi-Armed Bandit (MAB) technique to optimize the configuration parameters in a centralized manner on the Network Server (NS) side, reducing the computational load on End Devices (EDs), thereby improving energy efficiency (EC) while maintaining high PDR."
"Extending Battery Life for Wi-Fi-Based IoT Devices: Modeling,
Strategies, and Algorithm
","Shyam Krishnan Venkateswaran, Ching-Lun Tai, Yoav Ben-Yehezkel, Yaron Alpert, Raghupathy Sivakumar",2021,ACM Digital Library,"1.Optimizing power consumption for Wi-Fi-enabled IoT modules, specifically in scenarios with sparse, periodic uplink traffic - a common traffic pattern for IoT applications.","1.The proposed model in this study is a standard-compliant client-side cross-layer power-saving optimization algorithm designed for Wi-Fi-enabled IoT devices, specifically addressing sparse, periodic uplink traffic scenarios. This algorithm optimizes power consumption.",Optimization,Communication Protocol Optimization,CML,MO,"IEEE 802.11 a/b/g/n (Wi-Fi), TCP/UDP","Experimental hardware data via SimpleLink CC3235SF module, NS-3 simulation ",Cross-layer power optimization model with TCP timing control for energy-efficient networking,"
By creating a comprehensive power consumption model, we analyze five strategies through simulations and propose a cross-layer algorithm to optimize power usage in IoT client devices.",It's only meant for single user senarios and it's performance depends on network conditions as it assumes constant network conditions like RRT (Round Trip Time). ,battery-powered sensors and client devices such as soil moisture sensors and smoke detectors that rely on Wi-Fi for connectivity.,"The devices primarily communicate small packets of data periodically, including sensor readings (e.g., temperature, humidity) and keep-alive messages.","Data is transmitted using Wi-Fi networks, specifically IEEE 802.11 standards (a/b/g/n). The focus is on uplink TCP traffic, where the edge device sends data to a server.","Protocol: IEEE 802.11 with TCP for reliable data transmission.
Packet Size: Typically 1460 bytes per TCP segment.
Encryption: Supports Wi-Fi Protected Access (WPA3) for secure communication.",WPA3 encryption to ensure secure data transmission,"Energy consumption is measured across various states:

Active state: High power usage (~66 mA)
Sleep modes: Significantly lower power usage (e.g., 120 µA in low-power deep sleep)","Power Save Mode (PSM): Allows the device to sleep between beacon receptions.
Cross-layer optimization: Intelligently times uplink TCP transmissions to minimize wake-ups and reduce power usage.
Adaptive power states: The device dynamically switches between low-power states based on network conditions and traffic patterns."
"Hybrid Low-Power Wide-Area Mesh Network
for IoT Applications
","Xiaofan Jiang, Edgardo Alberto Barsallo Yi, Nithin Raghunathan, Charilaos Mousoulis, Somali Chaterji,  Dimitrios Peroulis, Ali Shakouri, Saurabh Bagchi ",2020,IEEE Xplore,"Constructed a low-power mesh network with 
LoRa, a physical-layer standard that can
 provide long-range (kilometers) point-to-
point communication using custom time
 division multiple access (TDMA).
","
A hybrid low-power wide-area network (LPWAN) architecture that provides broad communication coverage while reducing power consumption for IoT devices by utilizing both sub-GHz long-range and 2.4 GHz short-range radio frequencies.",Optimization,Communication Protocol Optimization,CML,HM,"LoRa, ANT","Real-world deployments (Purdue campus &TPAC agricultural farm), In-lab stability and power evaluations",Hybrid LPWAN (LoRa & ANT) with TDMA scheduling for energy-efficient wide-area coverage,"This paper introduces the design of a hybrid LPWAN mesh network for IoT applications, capable of covering several kilometers with low-power nodes, while ensuring high-quality service (QoS)","Flooding the Entire TDMA schedule can generate significant network traffic, especially if multiple nodes are actively transmitting.Nodes may Experience delay due to heavy traffic caused by flooding.","sensors and actuators in WSN, Digital Agriculture","Mainly sensor data from smart
 home (edge devices)","



Data is communicated using a 
hybrid network architecture that integrates 
LoRa (Long Range) technology for long-range
, low-power communication and ANT protocol 
for short-range communication. This hybrid 
approach forms a mesh network where LoRa
 enables wide-area communication over 
several kilometers, and ANT provides efficient
 data collection in densely deployed areas.
","Protocol: LoRa, ANT
Packet size: 64-byte payload (up to 256B buffer limitation)
Encryption: Lightweight ACES or AES-128 (in future)
",Lightweight ACES or AES-128 (in future),"1.Sending data over long-range (LoRa) and 
short-range (ANT) links is the main source 
of energy usage, especially for nodes in 
multi-hop communication paths.
2.Nodes acting as intermediate relays 
consume energy receiving and forwarding 
data packets from other nodes to the 
hub or gateway.
","This paper presents a hybrid LPWAN mesh network
 for IoT, achieving multi-kilometer range with low-power
 nodes and high-quality service. It enables large-scale
 WSN deployment by integrating custom sensor nodes
 with micro-controllers, wireless interfaces, and a
 hybrid network using short (2.4GHz) and
 long-range (915MHz) communication links.
"
LightIoT: Lightweight and Secure Communication for Energy-Efficient IoT in Health Informatics,Mian Ahmad Jan; Fazlullah Khan; Spyridon Mastorakis; Muhammad Adil; Aamir Akbar; Nicholas Stergiou,2021,IEEE Xplore,"Health informatics

IoT devices / wearables

Security","LightIoT is a lightweight yet secure communication scheme designed for green communications, focusing on biomedical data in IoT-enabled health informatics.",Optimization,Security Aware Energy Optimization,SL,MO,LightIoT,"Random deployment of sensor devices, gateways & remote servers, NS-2 simulation",Lightweight secure IoT authentication (LightIoT) for efficient biomedical data transmission,"The proposed model is highly resistant to a variety of adversarial attacks, while maintaining lower computational and communication overhead.","The validation of mobile wearable devices occurs offline during the registration process, which may not be suitable for time-sensitive situations such as emergencies.","Wearable devices like smartwatches, fitness trackers, and smartphones (acting as gateways).","The data includes health metrics like blood pressure, ECG, blood sugar levels, body temperature, step count, sleep cycle, heart rate, pulse rate, and breathing rate.","Data is transmitted from wearables to gateways, which then forward it to remote servers, using wireless communication technologies. The process involves three stages: initialization, pairing, and authentication.","LightIoT uses message sizes like M1 (544 bits), M2 (288 bits), M3 (544 bits), M4 (672 bits), M5 (800 bits), and M6 (576 bits) and employs hash functions and XOR operations to ensure secure communication.","The model ensures data integrity, confidentiality, availability, authenticity, and non-repudiation, and is resilient to attacks such as replay, forgery, and de-synchronization.",The key parameters are computational and communication overhead.,"It conserves energy by using lightweight security primitives, which reduce the computational load and end-to-end delay for exchanged messages, thereby prolonging the lifetime of wearables & the network."
"Leveraging Larger AES Keys in LoRaWAN: A Practical Evaluation of Energy and Time Costs.
","Thaenkaew, P., Quoitin, B., & Meddahi, A.",2023,MDPI Digital Library,The impact of using larger AES keys (192 and 256 bits) on energy consumption and processing time in LoRaWAN devices.,"Modification of LoRaWAN end device and server code to support AES-192 and AES-256, with empirical and mathematical analysis.",Optimization,Security Aware Energy Optimization,SL,MO,LoRaWAN protocol.,"LoRaWAN test-bed, B-L072Z-LRWAN1 Discovery Kit, ChirpStack server",AES-256 feasibility analysis,"Larger AES keys increase both energy consumption and processing time, but these increments are minimal compared to the time on air.

Implementing longer AES keys enhances security.","Using Larger AES Keys (192 and 256 bits) increases energy consumption and processing time, but these increments are relatively small compared to the time on air. Also, Implementing AES-256 in resource-constrained IoT devices can be challenging due to higher power consumption and processing time.",LoRaWAN End Devices (EDs).,NA,Data is communicated via LoRaWAN,"Protocol : LoRaWAN protocol.
Size of Packets : Maximum payload size of 222 bytes.
Encryption : AES-128, AES-192, and AES-256 encryption.",Security and Privacy is enhanced using Larger AES Keys.,NA,"Using Larger AES Keys (192 and 256 bits) increases energy consumption and processing time, but these increments are relatively small compared to the time on air. This means that the additional energy required for the encryption process is relatively small when considering the total energy used during data transmission. Therefore, the impact on energy consumption is not significant enough to outweigh the benefits of enhanced security provided by the larger AES keys."
An Enhanced Energy Efficient Lightweight Cryptography Method for various,"IoT devicesPrakasam P.a,∗, Madheswaran M.b, Sujith K.P.c, Md Shohel Sayeedd",2021,ScienceDirect,".Developing a lightweight cryptography method that enhances energy efficiency for secure data transmission in IoT devices

2.Addresses the challenges of high communication demands while ensuring minimal power consumption
","The proposed model, Enhanced Energy-Efficient Lightweight Cryptography Method (E³LCM), leverages 8-bit manipulation techniques to ensure secure data transmission in IoT devices.


",Optimization,Security Aware Energy Optimization,SL,MO,Not specified,"MATLAB v2019, Sparten3E XC3S500E FPGA, XILINX ISE 14.7 & ModelSim","Lightweight cryptographic architecture (E3LCM) for reduced area, complexity & power","Due to its lightweight design and strong security features, the proposed E3LCM ciphertext method can be seamlessly integrated into real-time, high-security applications such as electronic money transfers, authentication systems, time stamping, WhatsApp encryption, and histogram data processing.","1.The model is designed to work well on small, low-power IoT devices, which means it may not be as effective or adaptable for more complex systems that need stronger encryption.
 2.The model is validated mainly through FPGA implementation and MATLAB simulation, which may limit insights into its performance on other platforms.","sensors, smart appliances, wearables, and industrial IoT devices.","Edge devices handle varied data types, such as sensor readings, control signals, and multimedia files. This data can be constant (e.g., periodic temperature readings) or sporadic (e.g., motion-triggered security camera footage)","Data from IoT devices are transmitted through wireless networks, typically over the uplink to a central base station.","Protocol:N/A
Packet size:N/A
Lightweight encryption, such as Enhanced Energy Efficient Lightweight Cryptography (E3LCM)
","Lightweight cryptographic techniques, such as bilateral key encryption","Energy consumption is influenced by transmission power, device activity state, and the device’s cryptographic requirements.","Energy consumption is minimized through optimized power and data rate allocation, use of short packets for rapid transmission, and lightweight cryptography. Idle states and power-saving techniques,"
"Energy-Efficient Mobile Agent Protocol for Secure IoT Sustainable Applications
","Elhoseny M.,",2022,MDPI Digital Library,"Energy efficiency

Privacy protection

IoT devices

Mobile agents",Mobile Agent-Based Edge Protocol,Optimization,Security Aware Energy Optimization,CML,HM,Mobile Agent-Based Edge Protocol,"Custom Simulation (200 × 200 m area, 20-100 sensors, 5 mobile agents, 2 sink nodes, 5 m transmission range, 2000s time interval, 2-10 malicious devices)",Energy-efficient & secure mobile agent based IoT routing protocol,"The proposed method enables reliable data transmission, even over insecure channels, and improves traffic flow on edge devices, ultimately lowering energy usage.","When many devices change positions quickly, the protocol can cause link failures and struggles to manage network congestion at edge locations.

 The protocol faces challenges in efficiently managing distributed communication threats.","Includes mobile agents, sensor nodes, and mobile sink devices.","Environmental data is gathered by IoT sensors, then processed and aggregated by mobile agents.","Data is sent through a network of sensor nodes and mobile agents. Mobile agents collect data from sensor nodes and transmit it to the sink node or end-users, with routing protocols that optimize the paths for data transmission.","It uses a Mobile Agent-Based Edge Protocol; packets are 32 bytes, and data is encrypted with session keys and security tokens.","Security is ensured through mutual trust, encryption with session keys, and security tokens.","Sensing, aggregation, and transmission of data packets","Energy consumption is reduced by optimizing routing paths with mobile agents, rotating cluster heads based on their efficiency, and detecting faulty links early to prevent data loss and minimize the need for retransmissions."
Energy-Efficient Localization and Tracking of Mobile Devices in Wireless Sensor Networks,"Zheng, Kan and Wang, Huijian and Li, Hang and Xiang, Wei and Lei, Lei and Qiao, Jian and Shen, Xuemin Sherman",2017,IEEE Xplore,Localization and Tracking in WSN,AWKNN (Adaptive Weighted K-Nearest Neighbor) fingerprint localization,Optimization,Communication Protocol Optimization,CML,ML,ZigBee (IEEE 802.15.4),"Field trials, hardware platform (indoor multi-floor building + outdoor scenario)",Channel allocation and adaptive sounding scheme for energy efficient fingerprint based localization,Achieved high localization accuracy while extending mobile node battery life through reduced unnecessary transmissions,Small-scale single-building testbed; future work needed to scale to multiple buildings/roads,TI CC2530 based mobile nodes and anchor nodes (ARM board gateway),RSS fingerprint data from mobile nodes,"MN to AN, AN to HAN and HAN to HAN wireless links, forwarded to server",Protocol: ZigBee (IEEE 802.15.4); Packet Size: Not specified; Encryption: Not specified,Not addressed,"Duty cycle configuration, transmit/receive/sleep current draw (110 mA, 30 mA, 1 uA)",Channel allocation/access scheme to avoid collision & unnecessary transmission; adaptive sounding at MN
Energy-Efficient Routing Protocol Based on Multi-Threshold Segmentation in Wireless Sensors Networks for Precision Agriculture,"Yao, Yin-Di and Li, Xiong and Cui, Yan-Peng and Wang, Jia-Jun and Wang, Chen",2022,IEEE Xplore,Clustering routing for precision agriculture,Otsu multi-threshold segmentation for clustering  & optimal CH location/residual-energy selection,Clustering,Clustering,NO,MO,TDMA,MATLAB R2016b simulation,Otsu multi threshold segmentation clustering with optimal CH number and location selection,"Reduced network energy by up to 64.50%, 58.60% and 56.15% compared to RLEACH, CRPFCM and FIGWO",Theoretical model assumes uniform node distribution/regular cluster shape; not extended to multi-hop for very large monitoring areas,"Sensor nodes deployed in circular monitoring area (soil moisture, temperature, pH)","Environmental sensing data (soil moisture, air temperature, pH)","Sensor nodes to CH via TDMA slot, then CH to base station",Protocol: TDMA; Packet Size: Not specified; Encryption: Not specified,Not addressed,"Node residual energy, CH count and location, energy for CH to BS transmission",Optimal number & location of CHs to minimize network energy
A Novel Routing Protocol for Low-Energy Wireless Sensor Networks,"Suresh, Sebastin and Prabhu, V. and Parthasarathy, V. and Boddu, Rajasekhar and Sucharitha, Yadala and Teshite, Gemmachis",2022,Wiley Digital Library,Opportunistic routing with sleep scheduling,Opportunistic Energy-Efficient Routing Protocol (OEERP) sleep scheduling,Optimization,Routing Optimization,NO,HM,Not specified,"Custom simulation, 100 nodes",Dynamic sleep/wake scheduling based on residual energy and flow rate,Outperformed GeRaf and MTE protocols in network lifetime and received packet ratio,Not explicitly stated beyond baseline comparison scope,Battery powered sensor nodes (100 nodes),Target location detection data,1 dimensional multi hop relay forwarding between neighboring nodes,Protocol: Not specified; Packet Size: 1024 bits; Encryption: Not specified,Not addressed,"Sleep interval time, priority value, distance between neighboring nodes (5 to 25 m)",Dynamic sleep/wake scheduling based on residual energy (RE) & flow rate (FR)
Energy Efficient Routing Protocol Using Exponentially-Ant Lion Whale Optimization Algorithm in Wireless Sensor Networks,"SureshKumar, K. and Vimala, P.",2021,ScienceDirect,Trust based secure energy efficient routing,Exponentially-Ant Lion Whale Optimization (E-ALWO) for CH & trust-based routing,Optimization,Security Aware Energy Optimization,SL,HM,Not specified,MATLAB,Exponentially weighted Ant Lion Whale Optimization for CH selection and secure routing,"Improved delay, residual energy, throughput and trust versus GWO, EESRA, MDS MAP and RPL, under normal, blackhole and DoS attack scenarios",High computational complexity: O(N³) + O(g_max·N·O(fitness)),Sensor nodes forming clusters with CH,Sensed environmental data forwarded as data bytes,Sensor node to CH to sink node via wireless links,Protocol: Not specified; Packet Size: Not specified (measured in data bytes U); Encryption: Not specified,Trust based detection of blackhole and DoS attacks via direct/indirect/hybrid trust scores; no cryptographic encryption used,"Energy dissipation model for U bytes sent/received, residual energy, delay, throughput","Fitness function on energy, trust, delay, distance for optimal/secure route"
Refining Network Lifetime of Wireless Sensor Network Using Energy-Efficient Clustering and DRL-Based Sleep Scheduling,"Sinde, Ramadhani and Begum, Feroza and Njau, Karoli and Kaijage, Shubi",2020,MDPI Digital Library,"Clustering, duty cycling and routing for network lifetime",Hybrid PSO+Affinity Propagation clustering; DRL-based duty cycling; ACO+Firefly routing,Clustering,Clustering,NO,RL,Not specified,NS3 (Network Simulator 3.26),"Three phase scheme: PSO+AP clustering, DRL based duty cycling, ACO+FFA routing","Reduced delay by up to 40% and improved throughput and network lifetime by up to 35% versus cTDMA, DRA, LDC and iABC","No mobile-sink support; not validated on specific application scenarios (e.g., forest fire, air pollution)",Static sensor nodes and sink node in corona/zone topology,Sensed environmental data aggregated at zone clusters,"Intra zone data aggregation to CH, then multi hop routing via ACO/FFA path to sink",Protocol: Not specified; Packet Size: 512 KB; Encryption: Not specified,Not addressed,"Node degree, residual energy, distance, sleep/listen/transmit mode energy","3-phase: clustering, duty-cycling (DRL), routing (ACO+FFA)"
An Energy-Efficient Dual Prediction Scheme Using LMS Filter and LSTM in Wireless Sensor Networks for Environment Monitoring,"Shu, Tongxin and Chen, Jiahong and Bhargava, Vijay K. and De Silva, Clarence W.",2019,IEEE Xplore,Dual prediction for data reduction in environment monitoring,Least Mean Square (LMS) filter dual prediction scheme (GDLMS) + feed-forward NN,Data Reduction,Data Reduction,DL,ML,ZigBee (IEEE 802.15.4) used as reference model for packet-size/energy calculations,Intel Lab Data (real temperature dataset),LMS filter and feed forward NN based Hybrid Dual Prediction Scheme (DPS) to suppress unneeded transmissions,"Reduced transmissions to less than one third of baseline (2545), saving over half the total energy",Assumes no network failure; retransmission after failure not modeled,Sensor nodes and gateway (GW),Real temperature measurements (Intel Lab Data),"Node to GW transmission only when prediction error exceeds threshold, plus periodic beacon signals","Protocol: ZigBee (IEEE 802.15.4), used as reference model for packet size/energy calculation; Packet Size: Variable (beacon smaller than data payload); Encryption: Not specified",Not addressed,"Number of transmissions, threshold error value, advertising vs normal packet energy cost",Suppress transmissions unless prediction error exceeds threshold
Development of Energy Efficient Routing and Network Life Time Optimization in IoT-based WSN by Hybrid Reptile Search-Artificial Gorilla Troops Optimization,"Satyanarayana, P. and Diwakar, G. and Mahalakshmi, T. and Rao, P. Rama Koteswara and Ravi, Jampani and Krishnan, V. Gokula and Gopalakrishnan, S.",2026,SpringerLink,Routing and network lifetime optimization for IoT based WSN,Hybrid Reptile Search-Artificial Gorilla Troops Optimization (HRS-AGTO) for CH selection & routing,Optimization,Routing Optimization,NO,HM,Not specified,MATLAB 2020a,Hybrid Reptile Search and Artificial Gorilla Troops Optimization for CH selection and routing,Achieved improved throughput and reduced energy consumption versus existing hybrid metaheuristics,Assumes homogeneous nodes and static placement; not tested on dynamic/heterogeneous IoT scenarios,"Heterogeneous and dynamic IoT devices (e.g. wearable sensors, smart home sensors)","Multi parameter sensed data (application dependent, e.g. healthcare, smart home)",Cluster based multi hop transmission from nodes to CH to BS,Protocol: Not specified; Packet Size: Not specified; Encryption: Not specified,Not addressed by this paper's own design (mentioned only for related HGGOC work),"Packet size, average packet size, successful packet count, throughput","Multi-objective fitness (distance, throughput, latency, energy, path loss)"
An Energy Efficient Coverage Aware Algorithm in Energy Harvesting Wireless Sensor Networks,"Sah, Dipak Kumar and Srivastava, Suyash and Kumar, Ramesh and Amgoth, Tarachand",2023,SpringerLink,Coverage aware relay node placement in energy harvesting WSN,Constrained Relay Harvesting Node Placement (CRHNP); Maximal Covering Sets (MCS) scheduling,Energy Harvesting,Energy Harvesting,EL,MO,Not specified,MATLAB R2019b,"Constrained Relay Harvesting Node Placement using heap structure and Prim's algorithm, with MCS scheduling","Achieved 63% relay node utilization, more efficient than MOFF RNP (89%) and SMRMC (73%) in terms of reduced relay count needed",Not explicitly detailed; future work proposes extending with standard duty-cycle procedures,Solar powered relay (RH) nodes and sensor nodes,Not specified (generic coverage/connectivity data),Relay to relay and relay to BS via sleep/awake MCS scheduling,Protocol: Not specified; Packet Size: Not specified; Encryption: Not specified,Not addressed,"Number of relay nodes, sensing, transformation and receiving energy operations",Solar energy harvesting-powered relay (RH) nodes; sleep/wake MCS scheduling
Energy Efficient Scheme for Better Connectivity in Sustainable Mobile Wireless Sensor Networks,"Sachan, Smriti and Sharma, Rohit and Sehgal, Amit",2021,ScienceDirect,Connectivity aware energy optimization in mobile WSN,Probabilistic network connectivity model & energy/connectivity optimization algorithm,Optimization,Communication Protocol Optimization,CML,MO,Not specified,MATLAB R18a,Probabilistic network connectivity model with power/connectivity radius optimization algorithm (PNCA),"Achieved lower energy consumption than DSR, ZTR and LEACH while maintaining connectivity",Model based only on free-space propagation; ignores interference and multipath fading,Mobile sensor nodes (battery powered),Not specified (generic sensed data assumed),Node to node communication via optimized transmit power/radius,Protocol: Not specified; Packet Size: 400 bytes; Encryption: Not specified,Not addressed,"Transmission, reception and switching energy (packet length in bytes, time, voltage, current)",Optimizing transmit power / communication radius to balance connectivity & energy
Low-Power Embedded Sensor Node for Real-Time Environmental Monitoring with On-Board Machine-Learning Inference,"Reis, Manuel J. C. S.",2026,MDPI Digital Library,Edge AI enabled hardware/architecture for environmental monitoring,Quantized neural network (fixed-point) for on-device multi-class anomaly classification,Hardware / Architecture Modifications,Hardware / Architecture Modifications,HL,ML,"LoRaWAN (Class A, EU868) + BLE (for local maintenance)",MATLAB Simulink (simulation only),"Modular embedded node combining quantized NN inference with adaptive duty cycling, hierarchical power domains and event driven LoRaWAN","Achieved 94% inference accuracy, 0.87 ms latency, 2.9 mWh average power, 88% reduction in transmissions","Purely simulation-based (no hardware prototype); sensor cross-sensitivity, drift, and warm-up effects unaddressed","Cortex-M55 + Ethos-U55 MCU/NPU (Ensemble E7 class), PMS7003, SHT45, BMP390 sensors, SX1276 LoRa transceiver","Air quality and ambient sensor data (temperature, humidity, gas, particulate matter)",Event triggered LoRaWAN Class A transmission (868 MHz) when anomaly threshold exceeded; BLE for local maintenance,"Protocol: LoRaWAN (Class A, EU868) + BLE; Packet Size: Not specified; Encryption: Not specified (mentioned only as future work direction)",Mentioned as future work (federated learning with privacy preservation); not implemented in current design,"MCU/NPU active power, sensing power, LoRa TX power, sleep current, hourly energy breakdown (mWh)","Adaptive duty-cycling, hierarchical power domains, edge-level data reduction"
Multi-Objective May-Badger Optimizer Based Energy Efficient Routing Protocol in Dense Wireless Sensor Network,"Ram, G. Mohan and E., Ilavarasan",2024,SpringerLink,Multi objective routing optimization in dense WSN,World Cup Optimization (WCO) for CH selection & hybrid Mayfly-Honey Badger (M²B) routing,Optimization,Routing Optimization,NO,HM,IEEE 802.11,NS2 (Network Simulator v2),"World Cup Optimization for CH selection, hybrid Mayfly Honey Badger (M2B) optimization for routing",Achieved 0.09 mJ energy consumption for 100 nodes and 96% packet delivery ratio for 1000 nodes,Not explicitly stated; future work suggests more network parameters/hybrid technology for CH selection,"Sensor nodes (up to 1000), randomly deployed",Not specified (generic sensed data),CH to CH and CH to sink via optimized multi hop routing path,Protocol: IEEE 802.11; Packet Size: 512 bits; Encryption: Not specified,Not addressed,"Initial energy (0.5 J), distance between nodes, node delay, traffic rate","Multi-objective fitness: distance, delay, traffic rate, energy"
Fuzzy Based Sleep Scheduling Algorithm with Machine Learning Techniques to Enhance Energy Efficiency in Wireless Sensor Networks,"Radhika, S. and Rangarajan, P.",2021,SpringerLink,Fuzzy based clustering and sleep scheduling with ML,Fuzzy logic-based cluster update/sleep cycle scheduling & ML for reduced transmission,Clustering,Clustering,NO,ML,LEACH-based clustering (TDMA scheduling),"Intel Lab Dataset (54 sensors, Berkeley), MATLAB fuzzy toolbox",Fuzzy logic based super cluster head selection with ML based data similarity detection for sleep cycling,"Achieved system life of 1865 s versus 1607 s (EECRU), 1102 s (DDCD) and 926 s (LEACH)",Not designed for mobile sensor nodes (future work needed),"Sensor nodes (Intel Lab Berkeley, 54 sensors)",Sensed environmental data (Intel Lab dataset),Cluster member to CH to Super CH to base station,Protocol: LEACH based clustering (TDMA scheduling); Packet Size: Not specified; Encryption: Not specified,Not addressed,"Residual energy, average data rate, distance from sink","Fuzzy descriptors (data rate, distance to sink, residual energy) determine sleep/update cycle"
Improved Energy Efficient WSN Using ACO Based HSA for Optimal Cluster Head Selection,"Poonguzhali, P. K. and Ananthamoorthy, N. P.",2020,SpringerLink,Hybrid clustering and routing optimization,Ant Colony Optimization (ACO) path clustering & Harmonic Search Algorithm (HSA) for CH selection,Optimization,Routing Optimization,NO,HM,IEEE 802.11,MATLAB 2015,ACO for path based clustering combined with Harmonic Search Algorithm for minimum density cluster/CH selection,"Achieved higher network throughput, longer lifetime and reduced energy/delivery delay vs ACO-Fuzzy, max-min ACO, mACO and ACO",Purely meta-heuristic approach; limited ability to use past routing values to predict future paths,Sensor nodes (200 to 1400 nodes tested),Not specified (generic sensed data),"CH to CH multi hop path, then to BS",Protocol: IEEE 802.11; Packet Size: 5000 bits; Encryption: Not specified,Not addressed,"Distance between CH and cluster center, distance to BS, energy dissipation rate",Minimum-density cluster selection & optimal routing path
ETBORC: Energy and Trust-aware Bio-inspired Optimized Routing Based on Clustering for Securing Wireless Sensor Network,"Pattar, Amruta Veerendra and Selvi, M.",2026,SpringerLink,Trust aware secure energy efficient routing for WSN IoT,Spotted Hyena Optimization (SHO) for CH selection & Chameleon Swarm Algorithm (CSA) for secure routing,Optimization,Security Aware Energy Optimization,SL,HM,IEEE 802.15.4 (MAC protocol),MATLAB R2023b,Multi dimensional trust computation with SHO based CH selection and CSA based secure routing,"Improved packet delivery ratio by 7.4%, network lifetime by 14%, throughput by 6.6%, reduced energy consumption by 13%",Increased computational complexity from integrating multiple optimization modules; not validated on real-world hardware,"Sensor nodes in WSN IoT deployment (smart parking, smart cities, healthcare)",Not specified (generic IoT sensed data),"Cluster member to CH (intra cluster), CH to CH or BS (inter cluster)","Protocol: IEEE 802.15.4 (MAC protocol); Packet Size: 4000 bits (control packet: 200 bits); Encryption: Not specified (trust based, not cryptographic)",Multi dimensional trust computation (direct and indirect trust) detects and isolates selfish/compromised nodes based on packet delivery ratio threshold,"Radio energy model (electronic energy 50 nJ/bit, TX amplifier 100 pJ/bit/m2, data aggregation 5 nJ/bit/message)","Multi-dimensional (direct as well as indirect) trust, residual energy, communication efficiency in CH/route selection"
Optimizing Energy Efficiency in Wireless Sensor Networks through Advanced Cluster-Based Routing Protocols,"Mohamed, Fathia A. and Hassan, Emad S. and Dessouky, Moawad I. and Elnaghi, Basem El and Magdy, Ahmed",2026,ACM Digital Library,Cluster based proactive routing for heterogeneous WSN,Modified threshold-based CH selection (energy & distance-aware),Clustering,Clustering,NO,MO,Not specified,"MATLAB, 100 heterogeneous nodes, 100×100 m area","Modified threshold based CH selection prioritizing high energy, BS proximal nodes","Improved network lifetime versus SEP, Imp LEACH and EEECA THWSN",Assumes static nodes and stationary BS; mobility not considered,"Heterogeneous sensor nodes (100 nodes, 100x100 m area)",Not specified (generic sensed data),Cluster member to CH to base station,Protocol: Not specified; Packet Size: Not specified; Encryption: Not specified,Not addressed,"Residual energy, distance to base station, CH probability threshold","Prioritizes high-energy, BS-proximal nodes as CH; reduces unnecessary CH formation"
Design and Implementation of a Low-Cost and Low-Power Wireless Sensor Network for Estuary Environmental Monitoring,"Matos, Tiago and Martins, Marcos F. and Rocha, Jo{\~a}o and Dinis, Hugo and Martins, Marcos and Lopes, S{\'e}rgio F. and Afonso, Jos{\'e} A. and Gon{\c c}alves, Lu{\'i}s",2026,MDPI Digital Library,"Low cost, low power synchronized WSN for environmental monitoring",Synchronized cyclic sleep scheduling over mesh network,Hardware / Architecture Modifications,Hardware / Architecture Modifications,HL,MO,DigiMesh (868 MHz); Wi-Fi (IEEE 802.11 b/g/n) + MQTT/HTTP at coordinator/gateway,"Field experiments, estuarine deployment (8 days, 2 monitoring nodes & 1 repeater)",Synchronized cyclic sleep scheduling over DigiMesh mesh network with custom message format and web platform,98% packet delivery ratio over 2 hour test; stable synchronization over extended real deployment (8 days),Short (8-day) deployment with limited nodes; no RSSI/latency/link-quality characterization; not tested under varied seasonal/extreme conditions,"Digi XBee SX 868 RF modules, STM32 microcontroller, NodeMCU Lua ESP8266 (coordinator), MS5837-30BA sensor","Environmental data (pressure/depth, water temperature) plus node diagnostics (battery level, SD card status)",Monitoring/repeater nodes to coordinator via DigiMesh multi hop mesh (868 MHz); coordinator to web server via Wi-Fi/HTTP,Protocol: DigiMesh (868 MHz); Wi-Fi (IEEE 802.11 b/g/n) with MQTT/HTTP at coordinator; Packet Size: Test packets of 10 bytes (variable length string format for real deployment); Encryption: HTTPS used at web server (Nginx reverse proxy); not implemented at sensor node RF layer,"Data privacy discussed as background motivation only; own implementation uses HTTPS at web layer, no encryption at RF/mesh layer","Sleep/wake cycle duration (10 min sleep, 10 s active), TX power (13 dBm), bit rate (80 kbps)",Synchronized cyclic sleep for coordinated low-power operation
"Optimal Power Control in Green Wireless Sensor Networks With Wireless Energy Harvesting, Wake-Up Radio and Transmission Control","Mahapatra, Chinmaya and Sheng, Zhengguo and Kamalinejad, Pouya and Leung, Victor C.M. and Mirabbasi, Shahriar",2017,IEEE Xplore,"Power control combining energy harvesting, wake up radio and error control coding",Distributed dual subgradient algorithm (Lagrange multiplier method) for utility-lifetime optimization,Energy Harvesting,Energy Harvesting,EL,MO,TDMA-based MAC (IEEE 802.15.4),"Simulation (numerical/analytical, no named toolbox)","Distributed dual subgradient (Lagrangian) algorithm jointly optimizing WEH, WUR and RRNS based ECC for utility lifetime tradeoff","ECC schemes (RRNS, BCH) provided about 4 dB SNR gain over ARQ, reducing retransmissions from up to 17 to about 4",PCE (power conversion efficiency) drops sharply beyond optimal distance; RF/antenna/regulatory constraints limit design flexibility,"Sensor nodes with WEH capability, TelosB mote (CC2420 radio, IEEE 802.15.4 compliant)",Not specified (generic sensed data),TDMA based scheduled transmission with wake up radio triggering,"Protocol: TDMA based MAC (IEEE 802.15.4); Packet Size: 133 bits (127 bit payload, 6 bit header); Encryption: Not specified (uses RRNS/BCH error control coding, not encryption)","Not addressed (ECC addresses reliability, not security)","EPR and ESN energy cost normalized to communication energy, PCE vs distance, retransmission count",Joint WEH/WUR/ECC optimization to maximize utility-lifetime tradeoff
Energy Efficient Clustering Algorithm Based on Particle Swarm Optimization Technique for Wireless Sensor Networks,"Loganathan, Sathyapriya and Arumugam, Jawahar",2021,SpringerLink,PSO based clustering with role division for WSN,Particle Swarm Optimization (PSO) for CH selection; assistant/super-CH role division,Clustering,Clustering,NO,HM,Not specified,MATLAB,"PSO fitness function (clustering coefficient, residual energy, distance) with assistant/super CH multihop role offloading","Improved average network lifetime by 76% (LND), 69% (FND) and 50% versus LEACH, LEACH-C, PSO-C, PDSS-GSA",Not explicitly detailed in conclusion; relies on multiple optimization parameters that add tuning complexity,Sensor nodes (heterogeneous scenarios tested),Not specified (generic sensed data),"Cluster member to CH, CH to super/assistant CH, then to sink via multihop",Protocol: Not specified; Packet Size: Not specified; Encryption: Not specified,Not addressed,"Residual energy, distance centroid, clustering coefficient, energy consumption per round","PSO fitness (clustering coefficient, residual energy, distance) and multihop role offloading (assistant/super CH)"
Energy Efficient Cyber-Physical Control of Renewable Microgrids Using Edge-AI Enabled IoT and Secure Blockchain Coordination,"Liya, B. S. and Harish Kumar, {\relax Er}. and Morshedur Hassan, Mostaque Md. and Nisha, Pathur and Aush, Mithun G. and Anand, D.",2026,Other,Edge AI and blockchain coordinated cyber physical control for renewable microgrids,Spiking Neural Networks (SNN) edge-AI for fault detection and Hyperledger Fabric blockchain for transaction validation,Optimization,Security Aware Energy Optimization,SL,ML,Hyperledger Fabric (permissioned blockchain P2P protocol),"MATLAB Simscape, Hyperledger Fabric test network (co-simulated HIL)",Spiking Neural Network based edge fault detection integrated with Hyperledger Fabric blockchain for secure transaction validation,"Achieved Cyber Fault Detection Accuracy 97.6%, Consensus Delay under 2.3 s, Voltage Deviation under 1.1%, 28% reduction in communication overhead vs centralized SCADA",Physical tampering at sensor layer out of scope; consensus integrity degrades if majority of endorsing peers are compromised,"Edge nodes with SNN inference capability, IoT sensors (voltage, current, temperature), Hyperledger Fabric peer nodes","Voltage, current, frequency signals encoded into spike trains; energy transaction data",Edge controllers to measurement points via simulated IoT sensors; control/transaction data logged via blockchain peer to peer network,"Protocol: Hyperledger Fabric (permissioned blockchain P2P protocol); Packet Size: Not specified; Encryption: Cryptographic signing and endorsement policy validation, X.509 certificates via Fabric MSP","Integrity via cryptographic signing, non repudiation via immutable ledger, replay protection via timestamp/nonce, identity management via X.509 certificates, multi peer endorsement to contain compromised edge nodes; physical sensor tampering out of scope; consensus degrades if majority of endorsing peers compromised","Sub 20 mW power consumption per SNN inference cycle, inference latency (450 ms max)",Low-power SNN inference at edge; blockchain used only for secondary coordination (not fast dynamics) to save overhead
Rank-Based Energy-Efficient Key Management Routing For Wireless Sensor Network-Based Iot Medical Sensors,"Krishnapriya, M. and Angeline Prasanna, G. and Anbarasu, S.",2023,SpringerLink,Secure and energy efficient routing for IoT based medical WSNs,Rank-Based Energy Efficient Key Management (RBE-EKM),Optimization,Security Aware Energy Optimization,SL,HM,"IEEE 802.11 (DCF, MAC layer)","NS-3 simulator (30-44 nodes, 1150×900 m, 200 s)","1. Rank based Energy Efficient Key Management (RBE EKM) protocol
2. Priority based key allocation using emergency interrupt signals for secure routing path establishment","RBE EKM reduces energy consumption to 1 to 35 Joules for 5 to 35 nodes, cuts packet loss by 21.85 to 32.60 percent versus TBSEER, TAGA, GAHC and BFAO, and lowers packet loss to 9, 7 and 5 percent under selective forwarding, hello flood and black hole attacks respectively","1. Not tested for non-medical sensor data
2. Routing path optimization left for future work","IoMT wearable and body sensors (ECG, EEG, EMG, temperature, moisture, heartbeat sensors) and a Base Station","Physiological signals (ECG, EEG, EMG), body temperature, moisture and heartbeat readings from patients","Sensor nodes send prioritized data through a ranked, key verified multi hop path to the Base Station","Protocol: IEEE 802.11 (DCF, MAC layer), AODV compared. Packet Size: Not specified. Encryption: Shared session key based encryption using 1024 bit keys and message authentication code","Rank based group key management with shared secret keys and session keys, resistant to node compromise, black hole, selective forwarding and hello flood attacks","Energy consumed during key generation, sharing and node ranking, throughput, packet delivery ratio, packet loss rate",Rank/priority-based key allocation to prioritized (interrupt-signal) nodes
Enhancing the Energy Efficiency for Prolonging the Network Life Time in Multi-Conditional Multi-Sensor Based Wireless Sensor Network,"Kocherla, Raviteja and Chandra Sekhar, M. and Vatambeti, Ramesh",2023,Taylor & Francis,Energy efficient multi conditional fog assisted clustering and routing for multi sensor WSN,Multi-Conditional Network Analysis (MCNA) / SEFR protocol,Clustering,Clustering,NO,MO,Not specified,"NS3 (100-500 nodes, 10 fog nodes, 200×200 m²)","1. Multi Conditional Network Analysis (MCNA) framework with fog based routing (SEFR)
2. AHP TOPSIS based dynamic threshold multi parameter cluster head selection","SEFR reduces energy consumption by 15.2 and 20 percent compared to SMSN and TASA, decreases packet drop ratio by 21 and 34 percent, and improves link load by 20 and 27 percent over existing models","1. Communication overhead increased 23–32.5% vs existing models
2. Only lightweight security (XOR/BBS), no advanced cryptography","Sensor nodes, 10 fog nodes placed at network borders, cloud server",Not specified (generic sensed signal data used for signal strength based clustering),"Sensor nodes send data to selected cluster heads, which forward it to fog nodes, which relay it to the cloud server",Protocol: Not specified. Packet Size: 500 bytes. Encryption: Blum Blum Shub algorithm with XOR operation for key generation,Blum Blum Shub based lightweight encryption and decryption to defend against malicious nodes with low processing and memory overhead,"Initial residual energy of 2 Joules per node, energy consumption, end to end delay, network throughput, link load","Dynamic threshold multi-parameter CH selection, multi-hop fog-layer load balancing"
Energy-Efficient Dynamic and Adaptive State-Based Scheduling (EDASS) Scheme for Wireless Sensor Networks,"Khan, Muhammad Nawaz and Rahman, Haseeb Ur and Khan, Muhammad Zahid and Mehmood, Gulzar and Sulaiman, Adel and Shaikh, Asadullah and Alqhatani, Abdulmajeed",2022,IEEE Xplore,Energy efficient adaptive node state scheduling for WSNs,Four-state adaptive scheduling (Active/Wait/Sleep/Route),Optimization,Communication Protocol Optimization,EL,HM,S-MAC (TDMA-based),"MATLAB R2018a (100 nodes, CC2420 real circuit parameters)","1. Four state (Active, Wait, Sleep, Route) adaptive scheduling model
2. Content based state transitions using an enhanced TDMA based S MAC schedule","EDASS reduces overhead and improves network lifetime compared to DEACP, ENSSM and RDC, though average latency increases slightly from 1.26 to 1.39 milliseconds","1. Average delay increased (1.26 to 1.39 ms)
2. Not evaluated under mobility models or real-time/underwater deployment",Generic WSN sensor nodes modeled on the CC2420 radio chip,Not specified (generic sensed data evaluated for content redundancy),"Nodes transmit through an enhanced TDMA based S MAC schedule with Active, Wait, Sleep and Route states",Protocol: S MAC (TDMA based). Packet Size: Not specified. Encryption: Not specified,Not addressed,"Radio unit transmission, reception, idle and sleep state energy, voltage, current, packet length and data transfer rate",State-switching based on sensed-data content/redundancy
Energy and Coverage Area Aware Dynamic Sleep Scheduling for Green IoT,"Kaur, Amarjeet and N., Hema",2026,ScienceDirect,Energy and coverage aware dynamic sleep scheduling for the sensing layer of green IoT,Conflict-Factor (CF) based dynamic sleep scheduling,Optimization,Communication Protocol Optimization,EL,MO,Not specified,"Python 3.12 (50×50 m², 10–2000 nodes)","1. Conflict Factor (CF) based dynamic sleep scheduling mechanism
2. Sleep interval computed from residual energy, conflict factor, quality of information and coefficient of variation","The proposed algorithm reduces energy consumption by approximately 30 to 40 percent versus EEA, 30 percent versus GIIoT, and 29 percent versus ECHSSM, extending network lifetime","1. Boundary/critical-area coverage not handled
2. Only homogeneous nodes considered",Generic IoT sensor nodes at the sensing layer with overlapping coverage regions,Not specified (generic sensed environmental data),Sensor nodes send sensed data to a gateway node when active; overlapping nodes are put to sleep based on calculated sleep interval,Protocol: Not specified. Packet Size: Not specified. Encryption: Not specified,Not addressed,"Battery level (percentage remaining), sleep mode energy consumption (0.002 percent of remaining energy), active mode consumption (0.4 percent with sleep interval, 0.3 percent without)",Sleep interval from remaining energy and conflict factor and QoI and coefficient of variation
Enhanced Centroid-Based Energy-Efficient Clustering Routing Protocol for Serverless Based Wireless Sensor Networks,"Karim, Seemab and Qureshi, Kashif Naseer and Ibrahim, Ashraf Osman and Abulfaraj, Anas W. and Ghafoor, Kayhan Zrar",2024,SpringerLink,Energy efficient centroid based clustering for serverless wireless sensor networks,Enhanced Centroid-based Energy Efficient Clustering (ECEEC),Clustering,Clustering,NO,HM,"IEEE 802.11 (MAC), GPS","NS-3 (100×100 m, 100 nodes)","1. Enhanced Centroid based Energy Efficient Clustering (ECEEC) protocol
2. Serverless architecture with gateway node selection to offload cluster head load","ECEEC delays first node failure to 650 rounds versus 600 rounds for GCEEC and SACBR at 2 percent cluster heads, and achieves higher data transmission and packet delivery rates especially at 5 and 10 percent cluster head ratios","1. No security feature included
2. Not extended to IoT/WBAN networks","Static sensor nodes with GPS location capability, cluster heads and gateway nodes",Not specified (generic sensed data),"Cluster members send data to cluster heads, which forward through gateway nodes via single or multi hop paths to the Base Station","Protocol: IEEE 802.11 (MAC), GPS for location. Packet Size: Not specified. Encryption: Not specified",Not addressed,"Number of alive nodes over rounds, average data transmission rate, packets received at Base Station",Centroid-based CH selection/rotation and gateway-node load offloading
Energy Efficient Clustering-Based Mobile Routing Algorithm on WSNs,"Aydin, Muhammed Ali and Karabekir, Baybars and Zaim, Abdul Halim",2021,IEEE Xplore,Energy efficient clustering based mobile sink routing for WSNs,Greedy&GA and ANN&GA CH selection and GA mobile-sink routing,Optimization,Routing Optimization,NO,HM,"Bluetooth Low Energy (BLE), TDMA","MATLAB (200-1600 nodes, areas 60×60-150×60 m², 100 runs)","1. Greedy&GA and ANN&GA cluster head selection algorithms
2. Genetic algorithm based mobile sink route planning using BLE communication distance",The proposed mobile routing model outperforms R LEACH in energy efficiency across varying network sizes (200 to 1600 nodes),Energy spent by mobile sink and CH-connection not included in model,"BLE sensor nodes, mobile sink (MS), GPS enabled sensors","Soil moisture, temperature and mineral like agricultural sensing data","Cluster members send data to a cluster head, which transfers data to a mobile sink over BLE using assigned TDMA time frames","Protocol: Bluetooth Low Energy (BLE), TDMA. Packet Size: Fixed value set in simulation parameters, exact size not stated. Encryption: Not specified",Not addressed,"First order radio model energy (Eelec, Eamp, EDA), residual energy per node, mobile sink to cluster head distance based energy cost",Mobile sink & GA route planning; greedy/ANN-based CH selection
Energy Efficiency Maximization in Mobile Wireless Energy Harvesting Sensor Networks,"Guo, Songtao and Shi, Yawei and Yang, Yuanyuan and Xiao, Bin",2018,IEEE Xplore,Energy efficiency maximization via wireless information and power transfer in mobile WSNs,Resource Allocation (ResAll) via fractional programming and Lagrange dual decomposition,Energy Harvesting,Energy Harvesting,EL,MO,"AODV, IEEE 802.11 DCF (MAC), SWIPT","Simulation (50 nodes, 100×100 m²)","1. Resource Allocation (ResAll) algorithm for continuous and discrete power splitting scenarios
2. Fractional programming and Lagrange dual decomposition based joint rate control, power allocation and power splitting","ResAll converges within a small number of iterations and improves residual energy of relay nodes while balancing energy efficiency, data rate and power splitting ratio; maximum energy conversion efficiency observed is about 80 percent",Transmit-power vs. connectivity/coverage (topology control) left out of scope,"Mobile sensor relay nodes, cluster heads, mobile data collector",Not specified (generic sensed data gathered during mobile collection tours),"Sensor nodes relay data to cluster heads, which upload to a mobile collector using multihop transmissions with SWIPT enabled RF energy harvesting","Protocol: AODV, IEEE 802.11 DCF (MAC), SWIPT. Packet Size: Not specified. Encryption: Not specified",Not addressed,"Initial energy (2 Joules per node), circuit power consumption, transmit power, power splitting ratio, energy conversion efficiency","Joint rate control, power allocation, power-splitting for RF energy harvesting"
Energy Efficiency of Ultra-Low-Power Bicycle Wireless Sensor Networks Based on a Combination of Power Reduction Techniques,"Gharghan, Sadik Kamel and Nordin, Rosdiadee and Ismail, Mahamod",2016,Wiley Digital Library,Energy efficient wireless sensor network for bicycle performance monitoring,TPC-based distance estimation (PSO-ANN) & TPC-based accelerometer algorithms,Optimization,Communication Protocol Optimization,CML,ML,ANT wireless protocol (nRF24L01),MATLAB simulation & hardware testbed (bicycle velodrome),"1. TPC based distance estimation using hybrid PSO ANN algorithm
2. TPC based accelerometer algorithm using bicycle inclination angle",The two proposed power reduction algorithms outperform constant transmission power operation by 78 percent in power savings,"Accelerometer-based algorithm only simulated, not yet tested on testbed","Mobile sensor node (heart rate, temperature, accelerometer sensors) mounted on bicycle, master/coach node","Cyclist heart rate, body temperature and bicycle inclination angle",Mobile node transmits sensed data wirelessly to a master node using the ANT protocol over the nRF24L01 radio,Protocol: ANT wireless protocol (nRF24L01). Packet Size: 9 byte payload out of 32 byte maximum payload. Encryption: Not specified,Not addressed,"Transmit and receive current consumption, duty cycle, sleep to active transition time, data rate (250 kbps, 1 Mbps, 2 Mbps)",Transmission power control & sleep/wake & adjustable data rate (TPCS/W)
Energy Efficient Modified TDMA Schedule for Reducing Energy Consumption in Wireless Sensor Networks,"Gebyhu, Zewditu Guangulie and Demilew, Samuel Asferaw and Tewelgne, Makda Fekadie",2026,SpringerLink,Energy efficient centralized TDMA scheduling for clustered WSNs,Energy-Efficient Modified TDMA (EEM-TDMA),Optimization,Communication Protocol Optimization,CML,HM,"LEACH, TDMA","Castalia 3.3 / OMNeT++ (50-120 nodes, 100×100 m²)","1. Energy Efficient Modified TDMA (EEM TDMA) algorithm
2. Base station centralized cluster capacity determination that eliminates inter cluster head communication","EEM TDMA achieves an average energy consumption of 48.4 Joules and delivers 4.75 packets per node, improving on LEACH with MTDMA by 7.9 Joules and 1.62 packets, and on LEACH with standard TDMA by 13.29 Joules and 2.33 packets","1. Inter-cluster interference not addressed
2. No security mechanism (spoofing/jamming)
3. Static, homogeneous nodes only","Generic cluster based WSN sensor nodes, cluster heads and base station",Not specified (generic sensed data),Member nodes transmit sensed data to cluster heads in allocated TDMA time slots; cluster heads forward aggregated data to the base station,"Protocol: LEACH, TDMA. Packet Size: Not specified. Encryption: Not specified",Not addressed,"Average energy consumption per round, packets delivered per node, control message overhead, idle listening time",Base-station-centralized cluster-capacity scheduling (removes inter-CH messaging) & sleep/wake
Fuzzy Based Energy Efficient Multiple Cluster Head Selection Routing Protocol for Wireless Sensor Networks,"Rana, Sohel and Bahar, Ali Newaz and Islam, Nazrul and Islam, Johirul",2015,Research Gate,Fuzzy logic based multiple cluster head selection routing for WSNs,Fuzzy-based CH/CH-Leader selection and Dijkstra shortest energy path,Clustering,Clustering,NO,ML,Not specified,MATLAB simulation,"	1. Fuzzy Based Energy Efficient Multiple Cluster Head Selection Routing Protocol (FEMCHRP)
2. Dijkstra algorithm based shortest energy path routing between cluster members, cluster heads and cluster head leaders","FEMCHRP reduces average energy dissipation by 48 percent versus BCDCP, 41 percent versus ECHERP and 36 percent versus CELRP, and extends node lifetime so decline only starts after 410 rounds compared to 150 to 320 rounds for compared protocols",System delay not considered; single/homogeneous BS only,"Generic WSN sensor nodes, cluster heads (CH) and cluster head leaders (CHL)",Not specified (generic sensed data),"Cluster members send data to CHs using the shortest energy path (Dijkstra algorithm); CHs forward data to CHLs, which transmit to the Base Station",Protocol: Not specified. Packet Size: Not specified. Encryption: Not specified,Not addressed,"Average energy dissipation per round, residual energy, number of alive nodes over time",Fuzzy logic CH/CHL selection & shortest-energy-path routing
Enhancing Network Monitoring in IoT with an Energy-Efficient Collaborative Framework Using Edge Computing and Federated Learning,"Cui, Zhaoyang and Zhang, Xiongwei and Zhou, Shang",2026,ScienceDirect,"Energy efficient, privacy preserving IoT network monitoring for smart cities",Collaborative Monitoring Framework (CMF): edge computing and federated learning,Task Offloading,Task Offloading,CPL,ML,"5G, LoRaWAN, Wi-Fi, Bluetooth, IEEE 802.11s (mesh)","NS-3 (synthetic NYC smart-city data, 50–1000 nodes)","1. Collaborative Monitoring Framework (CMF) combining edge computing and federated learning
2. Energy aware anomaly detection mechanism with 5G enabled mesh and star topology integration","CMF achieves 93.6 percent anomaly detection precision with a 4.1 percent false positive rate, sustains over 85 percent communication efficiency with 20 percent node failure in mesh topology, and reduces bandwidth use by 25 percent compared to centralized models",Long-term model drift not addressed; real deployment limited by cost/regulatory constraints,"Traffic sensors, surveillance cameras, environmental sensors, smart streetlights, edge nodes modeled on Raspberry Pi 4B","Traffic, air quality, noise pollution and environmental sensor data, plus network performance metrics (latency, packet loss)","IoT devices send data to local edge nodes, which train local models and exchange only model updates with the cloud server via federated learning over 5G, mesh and star topologies","Protocol: 5G, LoRaWAN, Wi Fi, Bluetooth, IEEE 802.11s (mesh). Packet Size: 1024 bytes. Encryption: Not specified (federated learning used to preserve privacy instead of raw data encryption)",Federated learning keeps raw data localized at edge nodes to protect privacy; borough level non IID data handled locally; centralized architectures noted as vulnerable to breaches and single points of failure,"Edge device training and communication energy (measured on Raspberry Pi 4B), energy growth per local epoch and communication round, bandwidth utilization","Localized edge processing, FL to avoid raw-data transmission, model compression (pruning/quantization)"
Secure-Energy Efficient Hybrid Optimal Cluster-Based Routing with Improved AES in WSN for Secure Data Transmission,"C, Dr.Gowdham and D S, Dr.John Deva Prasanna and A, Arun Anthonisamy",2026,SpringerLink,Secure and energy efficient cluster based routing with improved AES encryption for WSNs,KAPOA (Pufferfish and Kookaburra hybrid optimizer) CH selection and Dijkstra and Improved AES,Optimization,Security Aware Energy Optimization,SL,HM,Not specified,"Python 3.7 simulation (2000 rounds, 40 VMs/30 PMs)","1. KAPOA hybrid Pufferfish and Kookaburra optimization algorithm for cluster head selection
2. Improved AES (IAES) encryption combined with Dijkstra shortest path routing","KAPOA achieves a packet delivery ratio of up to 95.65 percent (versus 71.65 to 85.65 percent for compared methods), energy consumption as low as 0.365 Joules at 500 rounds, and a routing delay of 0.142 seconds at 500 rounds, outperforming POA, KOA, JSO, TSO, STO, NTM LEACH RSA, CUBA LSS and SFO and SHO",No real-world dataset used; edge/cloud integration and energy harvesting left for future work,"Generic WSN sensor nodes, cluster heads, virtual and physical machines (40 VMs, 30 PMs) in the simulated infrastructure",Not specified (generic sensed data requiring secure transmission),"Cluster members send data to KAPOA selected cluster heads, which route data via Dijkstra shortest path with IAES encrypted payloads to the Base Station",Protocol: Not specified. Packet Size: Not specified. Encryption: Improved AES (IAES) with advanced transformations and round key modifications,"IAES encryption and decryption for secure data transmission; trust value based cluster head selection considering delay, risk and distance factors","Energy consumption per round (Joules), residual energy, trust value, packet delivery ratio","Multi-factor (delay, risk, energy, trust, distance) optimal CH selection"
A Hybrid Algorithm for Optimising Power Consumption of Wireless Sensor Networks in Precision Agriculture,"Al-Ani, Nada M. Khalil and Gharghan, Sadik Kamel and Al-Abbasi, Ziad Qais and Al-Naji, Ali and Chahl, Javaan",2026,Wiley Digital Library,Energy efficient LoRa based precision agriculture wireless sensor network,Hybrid S/W‑ADS‑RD‑DVS algorithm,Energy Harvesting,Energy Harvesting,EL,HM,LoRa (SX1278),"Real hardware prototype/testbed (Arduino, LoRa), outdoor field test","1. Hybrid sleep/wake, adaptive data sampling, redundant data detection and dynamic voltage scaling algorithm (S/W ADS RD DVS)
2. Solar powered LoRa sensor node prototype with field deployment","The hybrid algorithm achieves 99.232 percent power savings, reduces current consumption to 0.152 mA, extends battery life to about 1.83 years, and cuts data transmission by 99.93 percent over a 6 hour session",Year-long field validation not done; long-term solar–battery stability unassessed,"Arduino Pro Mini 3.3V transmitter node with temperature, humidity, soil moisture, rain and light sensors, Arduino UNO based LoRa receiver, LoRa sink and gateway nodes","Soil moisture, rainfall, light intensity, air temperature and humidity readings","Sensor nodes transmit sensed data wirelessly via LoRa SX1278 to a sink node, which forwards to a LoRa gateway (base station)",Protocol: LoRa (SX1278). Packet Size: Not specified. Encryption: Not specified,Not addressed,"Current consumption (mA), battery life (years), solar panel power generation (12V/5W), data transmission reduction percentage",Sleep/wake duty cycling & adaptive data sampling (redundant-data) & dynamic voltage scaling & solar harvesting
Sustainable Environmental Monitoring via Energy and Information Efficient Multinode Placement,"Ahmad, Sabtain and Uyan{\i}k, Halit and Ovatman, Tolga and Sand{\i}kkaya, Mehmet Tahir and De Maio, Vincenzo and Brandi{\'c}, Ivona and Aral, Atakan",2023,IEEE Xplore,Sustainable environmental monitoring through joint sensor and gateway placement optimization,GENS framework: QR-decomposition sensor placement and gateway placement and GA energy optimization,Hardware / Architecture Modifications,Hardware / Architecture Modifications,NO,HM,LoRaWAN (Class A),"ns-3 (LoRaWAN module) & real Ergene River water-quality dataset (75 locations, 2017–2018)","1. GENS framework combining QR decomposition based sensor placement with gateway configuration
2. Genetic algorithm based energy aware gateway placement optimization","The proposed method is validated as accurate and efficient for large scale water quality monitoring, effectively catching up with dynamic environmental changes while reducing deployment and communication costs",Adaptive data-rate not used; fixed spreading factor (SF12) simplification,LoRaWAN water quality sensor nodes and gateways deployed along the Ergene River,Water quality chemical composition parameters from the Ergene River basin,Sensors transmit data to optimally placed gateways using LoRaWAN Class A communication,Protocol: LoRaWAN (Class A). Packet Size: Not specified. Encryption: Not specified,Not addressed,"Sensor and gateway energy consumption based on transmit, receive, processing and idle states; gateway signal range dependent energy use",GA-based gateway configuration to reduce LoRaWAN communication energy
Optimizing Energy Consumption in WSN-based IoT Using Unequal Clustering and Sleep Scheduling Methods,"Abdulzahra, Ali Mohammed Kadhim and {Al-Qurabat}, Ali Kadhum M. and Abdulzahra, Suha Abdulhussein",2023,ScienceDirect,Energy efficient fuzzy based unequal clustering with sleep scheduling for WSN based IoT,Energy-efficient Fuzzy-based Unequal Clustering with Sleep Scheduling (EFUCSS),Clustering,Clustering,NO,ML,"IEEE 802.15.4, Bluetooth, Wi-Fi","Python 3.9 (100–200 nodes, 100×100 m², 50 runs/scenario)","1. Energy efficient Fuzzy based Unequal Clustering with Sleep Scheduling (EFUCSS) protocol
2. Fuzzy C Means based unequal clustering combined with sleep scheduling of coupled nodes","EFUCSS retains higher total remaining network energy than compared protocols across four scenarios, for example 91.16 percent remaining energy after 500 rounds versus 0 to 72.18 percent for CEFLI, FBUCP, FUCA, DFCR, MOFCA, IGHND, FBUCA and EEASCR",Mobile sensor nodes not handled; sleeping-node data prediction not incorporated,"Generic IoT sensor nodes, cluster heads, gateway (GW) node",Not specified (generic sensed data),"Coupled sensor nodes send data to fuzzy selected cluster heads, which forward it to the gateway node","Protocol: IEEE 802.15.4, Bluetooth, Wi Fi. Packet Size: Not specified. Encryption: Not specified",Not addressed,"Total network remaining/consumption energy percentage, network lifetime (Last SN), number of rounds until node death",Unequal clustering & fuzzy CH selection & sleep-scheduling of coupled nodes
A Residual Energy Aware Schedule Scheme for WSNs Employing Adjustable Awake/Sleep Duty Cycle,"Xie, Renning and Liu, Anfeng and Gao, Jianliang",2016,SpringerLink,Residual energy aware adjustable duty cycle scheduling for WSN MAC layer,Residual Energy Aware Adjustable Duty Cycle (READC),Optimization,Communication Protocol Optimization,CML,MO,"S-MAC, T-MAC, DMAC (synchronous MAC protocols)",OMNeT++ simulator,"1. Residual Energy Aware adjustable Duty Cycle (READC) scheme
2. Distance based duty cycle adjustment applied to synchronous MAC protocols such as S MAC, T MAC and DMAC","READC achieves the lowest weighted end to end packet loss ratio (21.37 and 92.3 percent of the values for SDC and ADC schemes respectively) and the lowest delay, though its energy consumption is 1.69 to 3.5 times higher than the compared schemes due to higher duty cycle",Buffer-size effect on delay/loss too complex to fully resolve analytically,Generic WSN sensor nodes at varying distances from the sink,Not specified (generic sensed data),"Nodes transmit data using an adjustable duty cycle schedule layered on synchronous MAC protocols (S MAC, T MAC, DMAC)","Protocol: S MAC, T MAC, DMAC (synchronous MAC protocols). Packet Size: Not specified. Encryption: Not specified",Not addressed,"Duty cycle ratio, energy consumption relative to ADC and SDC schemes, buffer size effect on delay and packet loss","Distance-based adjustable duty cycle (higher near sink, lower far)"
Energy-Efficient Federated Edge Learning for Small-Scale Datasets in Large IoT Networks,"Xie, Haihui and Wen, Wenkun and Chen, Shuwu and Shu, Zhaogang and Xia, Minghua",2026,IEEE Xplore,Energy efficient federated edge learning for small scale datasets in large IoT networks,Collaborative optimization: stochastic online learning and MM-based distributed algorithm,Task Offloading,Task Offloading,CPL,MO,Not specified,CarlaFLCAV (synthetic AV data) & IR-SIM/CARLA simulators,"1. Collaborative power allocation framework using stochastic online learning and a majorization minimization based distributed algorithm
2. Expected learning loss model linking dataset size, wireless resource allocation and learning performance","The proposed MM and FoM based algorithms outperform SRM and QoT Max benchmarks in expected learning loss, maintain learning rates above 0.95 versus below 0.85 for SRM, and achieve the lowest collision rate and highest goal rate in autonomous driving case studies",Local-computation energy not modeled; fixed hyperparameters assumed,"IoT devices and sensors (cameras, LiDAR) feeding edge servers with multiple antennas, cloud server","RGB image samples and point cloud samples (autonomous driving perception data) for weather classification, traffic sign recognition and object detection tasks","IoT devices send sensed data and local model updates to associated edge servers, which communicate aggregated parameters to the cloud server over a wireless multi antenna link","Protocol: Not specified. Packet Size: Not specified (data volumes given per sample: 0.7 MB RGB image, 1.6 MB point cloud). Encryption: Not specified",Not addressed ,"Transmit power (50 mW), noise power, communication bandwidth (4 MHz), number of antennas, power utilization ratio",Joint learning-performance/power-allocation optimization for FL with small datasets
Energy-Saving Techniques for Urban Noise WSN With Kalman-Based State Estimation and Green Facade Energy Harvester,"{V{\'a}zquez-Castillo}, J. and {Castillo-Atoche}, A. and {Estrada-L{\'o}pez}, J. and {Osorio-de-la-Rosa}, E. and {Becerra-Nu{\~n}ez}, G. and {Heredia-Lozano}, J. and {Atoche-Ense{\~n}at}, R. and {Sandoval-Curmina}, V.",2022,IEEE Xplore,Energy saving dynamic power management for urban noise monitoring WSN with energy harvesting,Kalman-based Dynamic Power Management Strategy (DPMS),Energy Harvesting,Energy Harvesting,EL,ML,"LoRaWAN (Class A), MQTT, REST","Real hardware deployment (6 nodes, Mérida city)","1. Kalman based Dynamic Power Management Strategy (DPMS) that adapts sleep period to noise levels
2. Green facade plant microbial fuel cell (P MFC) based energy harvesting sensor node prototype","The system saved 23.6 percent energy with Kalman DPMS compared to a continuous 10 minute uniform sleep period system, sustained 70 continuous LoRa transmissions without the energy harvester, and the green facade fully recharged a supercapacitor after only 4 minutes of LoRa transmission","Small-scale deployment (6 nodes, one city); min. sleep period bound by supercapacitor recharge (5 min)","Battery free LoRa sensor nodes with RFM95W (SX1276) transceivers powered by P MFC green facade arrays, deployed in Merida city",Urban noise pollution measurement data,"Sensor nodes transmit noise data over LoRaWAN Class A to a gateway, which forwards messages to a broker using MQTT and REST for cloud storage and web based monitoring","Protocol: LoRaWAN (Class A), MQTT, REST. Packet Size: Not specified. Encryption: Not specified",Not addressed,"Node average power consumption (11.2 mW), P MFC array power generation (112.1 mW), open circuit voltage (2.7V), short circuit current (180 mA), supercapacitor recharge time, sleep period duration",Kalman-estimated adaptive sleep period (noise-level based) & P-MFC energy harvesting
Energy-Efficient 5G-enabled Sensor Networks for Smart Environmental Monitoring in Sustainable Cities,"Trrad, Issam and Ismail, Rabah and {Al-Mattarneh}, Hashem and Hole, Snehal",2026,SpringerLink,Energy efficient 5G enabled sensor network architecture for smart environmental monitoring,Three-layer framework: Glass Sponge Topology and Electric Eel Energy Layer and Ant Colony Routing,Optimization,Routing Optimization,NO,HM,5G,Simulation only (1 km² urban deployment; no named simulator/dataset),"1. Three layer framework combining Glass Sponge Topology, Electric Eel Energy Layer and Ant Colony Routing Hybrid
2. Bio inspired lattice deployment, pulse based energy scheduling and pheromone based adaptive routing","The framework saves 32 percent of total network energy consumption, reduces average latency from 18 ms to 11 ms, and reduces redundant coverage overlap by 28 percent compared to regular grid and random topologies","No named simulation tool/dataset; validated only vs. 3 baseline heuristics, not real deployment","5G enabled environmental sensors monitoring air quality, water quality, noise pollution and energy related parameters","Air quality, water quality, noise pollution and energy consumption environmental data",Sensors communicate over 5G links using ant colony inspired adaptive routing across a lattice inspired sparse sensor deployment,Protocol: 5G. Packet Size: Not specified. Encryption: Not specified,Not addressed,"Total network energy consumption, average latency, redundant coverage overlap percentage",Pulse-based scheduling & lattice-inspired sparse deployment & pheromone-based adaptive routing
